-- ============================================================
-- MOVIE BOOKING DATABASE EXPORT
-- Generated: 2026-06-12 06:16:58
-- ============================================================
--
-- HƯỚNG DẪN SỬ DỤNG:
--   1. Tạo database và chạy ứng dụng 1 lần để EF tự tạo bảng:
--         dotnet run
--      Sau đó dừng ứng dụng (Ctrl+C)
--   2. Chạy file này trong SQL Server Management Studio
--      hoặc bằng lệnh:
--         sqlcmd -S localhost -d MovieBookingDb -E -C -i seed_data.sql
--
-- TÀI KHOẢN MẶC ĐỊNH:
--   Admin : admin@moviebooking.vn  / Admin@123
--   User  : nguyen.van.an@gmail.com / User@123
-- ============================================================

SET IDENTITY_INSERT [Cinemas] ON;
INSERT INTO [Cinemas] (Id,Name,Location) VALUES (1,N'MovieBooking Tuy Hòa',N'Tuy Hòa, Phú Yên');
INSERT INTO [Cinemas] (Id,Name,Location) VALUES (2,N'MovieBooking Sông Cầu',N'Sông Cầu, Phú Yên');
INSERT INTO [Cinemas] (Id,Name,Location) VALUES (3,N'MovieBooking Đà Nẵng',N'Hải Châu, Đà Nẵng');
INSERT INTO [Cinemas] (Id,Name,Location) VALUES (4,N'MovieBooking Quy Nhơn',N'Quy Nhơn, Bình Định');
INSERT INTO [Cinemas] (Id,Name,Location) VALUES (5,N'MovieBooking Nha Trang',N'Nha Trang, Khánh Hòa');
SET IDENTITY_INSERT [Cinemas] OFF;

SET IDENTITY_INSERT [Movies] ON;
INSERT INTO [Movies] (Id,Title,Genre,DurationMin,Description,PosterUrl,Status,ReleaseDate,Director,CreatedAt,TrailerUrl) VALUES (1,N'Avengers: Endgame',N'Hành động, Phiêu lưu',181,N'Sau sự kiện Infinity War, các Avengers còn lại tập hợp lại để đảo ngược thiệt hại Thanos gây ra trong vũ trụ.',N'https://upload.wikimedia.org/wikipedia/en/0/0d/Avengers_Endgame_poster.jpg','now_showing','4/26/2019',N'Anthony & Joe Russo','2026-06-11 00:34:50',NULL);
INSERT INTO [Movies] (Id,Title,Genre,DurationMin,Description,PosterUrl,Status,ReleaseDate,Director,CreatedAt,TrailerUrl) VALUES (2,N'Joker',N'Tội phạm, Kịch tính',122,N'Câu chuyện về nguồn gốc của tên phản diện Joker nổi tiếng trong vũ trụ DC.',N'https://upload.wikimedia.org/wikipedia/en/e/e1/Joker_%282019_film%29_poster.jpg','now_showing','10/4/2019',N'Todd Phillips','2026-06-11 00:34:50',NULL);
INSERT INTO [Movies] (Id,Title,Genre,DurationMin,Description,PosterUrl,Status,ReleaseDate,Director,CreatedAt,TrailerUrl) VALUES (4,N'Spider-Man: No Way Home',N'Siêu anh hùng, Phiêu lưu',148,N'Peter Parker nhờ Doctor Strange xóa ký ức về danh tính của mình, dẫn đến hậu quả không lường trước.',N'https://res.cloudinary.com/dec5fefrn/image/upload/v1781139194/moviebooking/movies/flewzijygdgwnydnwrkk.jpg','now_showing','12/17/2021',N'Jon Watts','2026-06-11 00:34:50',NULL);
INSERT INTO [Movies] (Id,Title,Genre,DurationMin,Description,PosterUrl,Status,ReleaseDate,Director,CreatedAt,TrailerUrl) VALUES (7,N'Top Gun: Maverick',N'Hành động, Kịch tính',130,N'Phi công huyền thoại Pete Mitchell tiếp tục bứt phá giới hạn.',N'https://upload.wikimedia.org/wikipedia/en/1/13/Top_Gun_Maverick_Poster.jpg','now_showing','5/27/2022',N'Joseph Kosinski','2026-06-11 00:34:50',NULL);
INSERT INTO [Movies] (Id,Title,Genre,DurationMin,Description,PosterUrl,Status,ReleaseDate,Director,CreatedAt,TrailerUrl) VALUES (8,N'Siêu Quậy Marsupilami (Houba! On the Trail of Marsupilami)',N'Hoạt hình, Hài hước, Phiêu lưu',105,N'Sau khi "làm mưa làm gió" tại phòng vé Pháp với hơn 6 triệu lượt vé, chú thú đốm đuôi dài huyền thoại Marsupilami đã chính thức đổ bộ rạp Việt. Phim mang lại tiếng cười bùng nổ, cực kỳ giải trí và phù hợp cho mọi lứa tuổi vào mùa hè này.',N'https://res.cloudinary.com/dec5fefrn/image/upload/v1781139906/moviebooking/movies/smbpsinzqidk7v06hdgw.png','now_showing','5/6/2026',N'Alain Chabat','2026-06-11 01:04:14',NULL);
INSERT INTO [Movies] (Id,Title,Genre,DurationMin,Description,PosterUrl,Status,ReleaseDate,Director,CreatedAt,TrailerUrl) VALUES (10,N'Tây Du Ký Đại Náo (Dị bản Thái Lan)',N'Hài hước, Hành động, Xuyên không',110,N'"Ông hoàng phòng vé" Thái Lan tái định nghĩa tác phẩm kinh điển. Tôn Ngộ Không bị quạt Ba Tiêu thổi bay... xuyên không thẳng xuống một bãi rác tại Bangkok thời hiện đại. Những màn tung hứng "nhây - bựa - lầy" đặc sản Thái Lan giữa Ngộ Không và Đường Tăng sẽ khiến bạn cười ra nước mắt.',N'https://res.cloudinary.com/dec5fefrn/image/upload/v1781142708/moviebooking/movies/qa9dsb6ojzeiffd6gcst.jpg','now_showing','6/1/2026',N'Poj Arnon','2026-06-11 01:24:16',NULL);
INSERT INTO [Movies] (Id,Title,Genre,DurationMin,Description,PosterUrl,Status,ReleaseDate,Director,CreatedAt,TrailerUrl) VALUES (11,N'Mạc Ly',N'Cổ trang, Tình cảm, Quyền mưu',45,N'Được chuyển thể từ tiểu thuyết Thịnh Thế Đích Phi, bộ phim đánh dấu màn hợp tác bùng nổ phản ứng hóa học giữa Bạch Lộc và Thừa Lỗi. Câu chuyện xoay quanh Diệp Ly - trưởng nữ mang mối thù gia tộc liên thủ cùng Định Vương Mặc Tu Nghiêu phá tan các âm mưu triều chính.',N'https://res.cloudinary.com/dec5fefrn/image/upload/v1781142763/moviebooking/movies/qi87qjdrls5rublxokxt.jpg','now_showing','6/9/2026',N'Cục chính kịch Tencent','2026-06-11 01:24:16',NULL);
INSERT INTO [Movies] (Id,Title,Genre,DurationMin,Description,PosterUrl,Status,ReleaseDate,Director,CreatedAt,TrailerUrl) VALUES (12,N'Đếm Ngày Xa Mẹ',N'Tâm lý, Gia đình, Tình cảm',105,N'Câu chuyện cảm động lấy đi nước mắt của khán giả về hành trình của người con đi làm xa xứ, đếm ngược từng ngày để trở về bên mẹ. Phim khai thác sâu sắc tình mẫu tử, sự hy sinh thầm lặng của người phụ nữ Việt Nam và những tiếc nuối của người trẻ trong guồng quay cơm áo gạo tiền.',N'https://res.cloudinary.com/dec5fefrn/image/upload/v1781142799/moviebooking/movies/f9syx8mnrw3yhacaxaju.jpg','coming_soon','6/12/2026',N'Lý Hải','2026-06-11 01:24:16',NULL);
INSERT INTO [Movies] (Id,Title,Genre,DurationMin,Description,PosterUrl,Status,ReleaseDate,Director,CreatedAt,TrailerUrl) VALUES (13,N'Song Hỷ Lâm Nguy',N'Hài hước, Tình cảm, Gia đình',95,N'Chuyện phim xoay quanh một đám cưới miệt vườn miền Tây "bất ổn" nhất màn ảnh khi hai gia đình thông gia vốn là oan gia ngõ hẹm. Hàng loạt tình huống dở khóc dở cười diễn ra ngay trong ngày rước dâu khiến ngày "Song hỷ" suýt biến thành "Lâm nguy".',N'https://res.cloudinary.com/dec5fefrn/image/upload/v1781142838/moviebooking/movies/tbka9wefmzqvyfdsoolg.jpg','now_showing','6/2/2026',N'Nhất Trung','2026-06-11 01:24:16',N'https://youtu.be/tqaPZSVHff4?si=xKA9F2lTaGLgoena');
SET IDENTITY_INSERT [Movies] OFF;

SET IDENTITY_INSERT [Users] ON;
INSERT INTO [Users] (Id,Name,Email,Phone,Address,PasswordHash,Role,ResetPasswordToken,ResetPasswordExpiry,CreatedAt) VALUES (1,N'Quản trị viên','admin@moviebooking.vn',N'0901234567',NULL,'$2a$11$G4jWFy51imWCBDS66aZp1O5l7aQIbYafTwjDkq7NFYTBJ0XsCXyBu','admin',NULL,NULL,'2026-06-11 00:34:50');
INSERT INTO [Users] (Id,Name,Email,Phone,Address,PasswordHash,Role,ResetPasswordToken,ResetPasswordExpiry,CreatedAt) VALUES (2,N'Nguyễn Văn An','nguyen.van.an@gmail.com',N'0901111111',N'123 Trần Phú, Tuy Hòa','$2a$11$l6Yre2q3D/KAh.TTNFqn0OsJ8YxBrWsg9aP24yXRtsjzGypJ6uS5S','user',NULL,NULL,'2026-01-28 01:44:12');
INSERT INTO [Users] (Id,Name,Email,Phone,Address,PasswordHash,Role,ResetPasswordToken,ResetPasswordExpiry,CreatedAt) VALUES (3,N'Trần Thị Bình','tran.thi.binh@gmail.com',N'0902222222',N'456 Lê Lợi, Quy Nhơn','$2a$11$KBR9eZm.Dodw52vfeWQPp.piFVjp0V3AXrMeN8BU2tcT4gLY.kkvW','user',NULL,NULL,'2026-02-04 01:44:12');
INSERT INTO [Users] (Id,Name,Email,Phone,Address,PasswordHash,Role,ResetPasswordToken,ResetPasswordExpiry,CreatedAt) VALUES (4,N'Lê Hoàng Nam','le.hoang.nam@gmail.com',N'0903333333',N'789 Nguyễn Huệ, Đà Nẵng','$2a$11$YutKD/ml2EWa4IeuxCT1M.MJ8qu9GjBO6TkivL32jhpH1KkzLoegm','user',NULL,NULL,'2026-04-04 01:44:12');
INSERT INTO [Users] (Id,Name,Email,Phone,Address,PasswordHash,Role,ResetPasswordToken,ResetPasswordExpiry,CreatedAt) VALUES (5,N'Phạm Thị Lan','pham.thi.lan@gmail.com',N'0904444444',N'321 Hùng Vương, Nha Trang','$2a$11$CdOVSn5/yQ/CdQChSbzZ1eY8/KwXsqpRxQZTR6TSThAVSkfMJGpCS','user',NULL,NULL,'2026-02-17 01:44:12');
INSERT INTO [Users] (Id,Name,Email,Phone,Address,PasswordHash,Role,ResetPasswordToken,ResetPasswordExpiry,CreatedAt) VALUES (6,N'Hoàng Minh Tuấn','hoang.minh.tuan@gmail.com',N'0905555555',N'654 Phạm Văn Đồng, Sông Cầu','$2a$11$a61mT8irUx9vVSkBGisStu0mgFwJath9Qk34TGF3Ul9lyPggLu3kO','user',NULL,NULL,'2026-02-24 01:44:13');
SET IDENTITY_INSERT [Users] OFF;

SET IDENTITY_INSERT [Rooms] ON;
INSERT INTO [Rooms] (Id,CinemaId,Name,TotalRows,TotalCols) VALUES (1,1,N'Phòng 1',5,8);
INSERT INTO [Rooms] (Id,CinemaId,Name,TotalRows,TotalCols) VALUES (2,1,N'Phòng 2',5,8);
INSERT INTO [Rooms] (Id,CinemaId,Name,TotalRows,TotalCols) VALUES (3,2,N'Phòng 1',5,8);
INSERT INTO [Rooms] (Id,CinemaId,Name,TotalRows,TotalCols) VALUES (4,3,N'Phòng 1',5,8);
INSERT INTO [Rooms] (Id,CinemaId,Name,TotalRows,TotalCols) VALUES (5,3,N'Phòng 2',5,10);
INSERT INTO [Rooms] (Id,CinemaId,Name,TotalRows,TotalCols) VALUES (6,3,N'Phòng VIP',4,6);
INSERT INTO [Rooms] (Id,CinemaId,Name,TotalRows,TotalCols) VALUES (7,4,N'Phòng 1',5,8);
INSERT INTO [Rooms] (Id,CinemaId,Name,TotalRows,TotalCols) VALUES (8,4,N'Phòng 2',5,10);
INSERT INTO [Rooms] (Id,CinemaId,Name,TotalRows,TotalCols) VALUES (9,4,N'Phòng VIP',4,6);
INSERT INTO [Rooms] (Id,CinemaId,Name,TotalRows,TotalCols) VALUES (10,5,N'Phòng 1',5,8);
INSERT INTO [Rooms] (Id,CinemaId,Name,TotalRows,TotalCols) VALUES (11,5,N'Phòng 2',5,10);
INSERT INTO [Rooms] (Id,CinemaId,Name,TotalRows,TotalCols) VALUES (12,5,N'Phòng VIP',4,6);
SET IDENTITY_INSERT [Rooms] OFF;

SET IDENTITY_INSERT [Seats] ON;
INSERT INTO [Seats] (Id,RoomId,RowLabel,ColNumber,Type,IsBooked) VALUES (1,1,'A',1,'standard',0);
INSERT INTO [Seats] (Id,RoomId,RowLabel,ColNumber,Type,IsBooked) VALUES (2,1,'B',1,'standard',0);
INSERT INTO [Seats] (Id,RoomId,RowLabel,ColNumber,Type,IsBooked) VALUES (3,1,'C',1,'standard',0);
INSERT INTO [Seats] (Id,RoomId,RowLabel,ColNumber,Type,IsBooked) VALUES (4,1,'D',1,'vip',0);
INSERT INTO [Seats] (Id,RoomId,RowLabel,ColNumber,Type,IsBooked) VALUES (5,1,'E',1,'vip',0);
INSERT INTO [Seats] (Id,RoomId,RowLabel,ColNumber,Type,IsBooked) VALUES (6,1,'A',2,'standard',0);
INSERT INTO [Seats] (Id,RoomId,RowLabel,ColNumber,Type,IsBooked) VALUES (7,1,'B',2,'standard',0);
INSERT INTO [Seats] (Id,RoomId,RowLabel,ColNumber,Type,IsBooked) VALUES (8,1,'C',2,'standard',0);
INSERT INTO [Seats] (Id,RoomId,RowLabel,ColNumber,Type,IsBooked) VALUES (9,1,'D',2,'vip',0);
INSERT INTO [Seats] (Id,RoomId,RowLabel,ColNumber,Type,IsBooked) VALUES (10,1,'E',2,'vip',0);
INSERT INTO [Seats] (Id,RoomId,RowLabel,ColNumber,Type,IsBooked) VALUES (11,1,'A',3,'standard',0);
INSERT INTO [Seats] (Id,RoomId,RowLabel,ColNumber,Type,IsBooked) VALUES (12,1,'B',3,'standard',0);
INSERT INTO [Seats] (Id,RoomId,RowLabel,ColNumber,Type,IsBooked) VALUES (13,1,'C',3,'standard',0);
INSERT INTO [Seats] (Id,RoomId,RowLabel,ColNumber,Type,IsBooked) VALUES (14,1,'D',3,'vip',0);
INSERT INTO [Seats] (Id,RoomId,RowLabel,ColNumber,Type,IsBooked) VALUES (15,1,'E',3,'vip',0);
INSERT INTO [Seats] (Id,RoomId,RowLabel,ColNumber,Type,IsBooked) VALUES (16,1,'A',4,'standard',0);
INSERT INTO [Seats] (Id,RoomId,RowLabel,ColNumber,Type,IsBooked) VALUES (17,1,'B',4,'standard',0);
INSERT INTO [Seats] (Id,RoomId,RowLabel,ColNumber,Type,IsBooked) VALUES (18,1,'C',4,'standard',0);
INSERT INTO [Seats] (Id,RoomId,RowLabel,ColNumber,Type,IsBooked) VALUES (19,1,'D',4,'vip',0);
INSERT INTO [Seats] (Id,RoomId,RowLabel,ColNumber,Type,IsBooked) VALUES (20,1,'E',4,'vip',0);
INSERT INTO [Seats] (Id,RoomId,RowLabel,ColNumber,Type,IsBooked) VALUES (21,1,'A',5,'standard',0);
INSERT INTO [Seats] (Id,RoomId,RowLabel,ColNumber,Type,IsBooked) VALUES (22,1,'B',5,'standard',0);
INSERT INTO [Seats] (Id,RoomId,RowLabel,ColNumber,Type,IsBooked) VALUES (23,1,'C',5,'standard',0);
INSERT INTO [Seats] (Id,RoomId,RowLabel,ColNumber,Type,IsBooked) VALUES (24,1,'D',5,'vip',0);
INSERT INTO [Seats] (Id,RoomId,RowLabel,ColNumber,Type,IsBooked) VALUES (25,1,'E',5,'vip',0);
INSERT INTO [Seats] (Id,RoomId,RowLabel,ColNumber,Type,IsBooked) VALUES (26,1,'A',6,'standard',0);
INSERT INTO [Seats] (Id,RoomId,RowLabel,ColNumber,Type,IsBooked) VALUES (27,1,'B',6,'standard',0);
INSERT INTO [Seats] (Id,RoomId,RowLabel,ColNumber,Type,IsBooked) VALUES (28,1,'C',6,'standard',0);
INSERT INTO [Seats] (Id,RoomId,RowLabel,ColNumber,Type,IsBooked) VALUES (29,1,'D',6,'vip',0);
INSERT INTO [Seats] (Id,RoomId,RowLabel,ColNumber,Type,IsBooked) VALUES (30,1,'E',6,'vip',0);
INSERT INTO [Seats] (Id,RoomId,RowLabel,ColNumber,Type,IsBooked) VALUES (31,1,'A',7,'standard',0);
INSERT INTO [Seats] (Id,RoomId,RowLabel,ColNumber,Type,IsBooked) VALUES (32,1,'B',7,'standard',0);
INSERT INTO [Seats] (Id,RoomId,RowLabel,ColNumber,Type,IsBooked) VALUES (33,1,'C',7,'standard',0);
INSERT INTO [Seats] (Id,RoomId,RowLabel,ColNumber,Type,IsBooked) VALUES (34,1,'D',7,'vip',0);
INSERT INTO [Seats] (Id,RoomId,RowLabel,ColNumber,Type,IsBooked) VALUES (35,1,'E',7,'vip',0);
INSERT INTO [Seats] (Id,RoomId,RowLabel,ColNumber,Type,IsBooked) VALUES (36,1,'A',8,'standard',0);
INSERT INTO [Seats] (Id,RoomId,RowLabel,ColNumber,Type,IsBooked) VALUES (37,1,'B',8,'standard',0);
INSERT INTO [Seats] (Id,RoomId,RowLabel,ColNumber,Type,IsBooked) VALUES (38,1,'C',8,'standard',0);
INSERT INTO [Seats] (Id,RoomId,RowLabel,ColNumber,Type,IsBooked) VALUES (39,1,'D',8,'vip',0);
INSERT INTO [Seats] (Id,RoomId,RowLabel,ColNumber,Type,IsBooked) VALUES (40,1,'E',8,'vip',0);
INSERT INTO [Seats] (Id,RoomId,RowLabel,ColNumber,Type,IsBooked) VALUES (41,2,'A',1,'standard',0);
INSERT INTO [Seats] (Id,RoomId,RowLabel,ColNumber,Type,IsBooked) VALUES (42,2,'B',1,'standard',0);
INSERT INTO [Seats] (Id,RoomId,RowLabel,ColNumber,Type,IsBooked) VALUES (43,2,'C',1,'standard',0);
INSERT INTO [Seats] (Id,RoomId,RowLabel,ColNumber,Type,IsBooked) VALUES (44,2,'D',1,'vip',0);
INSERT INTO [Seats] (Id,RoomId,RowLabel,ColNumber,Type,IsBooked) VALUES (45,2,'E',1,'vip',0);
INSERT INTO [Seats] (Id,RoomId,RowLabel,ColNumber,Type,IsBooked) VALUES (46,2,'A',2,'standard',0);
INSERT INTO [Seats] (Id,RoomId,RowLabel,ColNumber,Type,IsBooked) VALUES (47,2,'B',2,'standard',0);
INSERT INTO [Seats] (Id,RoomId,RowLabel,ColNumber,Type,IsBooked) VALUES (48,2,'C',2,'standard',0);
INSERT INTO [Seats] (Id,RoomId,RowLabel,ColNumber,Type,IsBooked) VALUES (49,2,'D',2,'vip',0);
INSERT INTO [Seats] (Id,RoomId,RowLabel,ColNumber,Type,IsBooked) VALUES (50,2,'E',2,'vip',0);
INSERT INTO [Seats] (Id,RoomId,RowLabel,ColNumber,Type,IsBooked) VALUES (51,2,'A',3,'standard',0);
INSERT INTO [Seats] (Id,RoomId,RowLabel,ColNumber,Type,IsBooked) VALUES (52,2,'B',3,'standard',0);
INSERT INTO [Seats] (Id,RoomId,RowLabel,ColNumber,Type,IsBooked) VALUES (53,2,'C',3,'standard',0);
INSERT INTO [Seats] (Id,RoomId,RowLabel,ColNumber,Type,IsBooked) VALUES (54,2,'D',3,'vip',0);
INSERT INTO [Seats] (Id,RoomId,RowLabel,ColNumber,Type,IsBooked) VALUES (55,2,'E',3,'vip',0);
INSERT INTO [Seats] (Id,RoomId,RowLabel,ColNumber,Type,IsBooked) VALUES (56,2,'A',4,'standard',0);
INSERT INTO [Seats] (Id,RoomId,RowLabel,ColNumber,Type,IsBooked) VALUES (57,2,'B',4,'standard',0);
INSERT INTO [Seats] (Id,RoomId,RowLabel,ColNumber,Type,IsBooked) VALUES (58,2,'C',4,'standard',0);
INSERT INTO [Seats] (Id,RoomId,RowLabel,ColNumber,Type,IsBooked) VALUES (59,2,'D',4,'vip',0);
INSERT INTO [Seats] (Id,RoomId,RowLabel,ColNumber,Type,IsBooked) VALUES (60,2,'E',4,'vip',0);
INSERT INTO [Seats] (Id,RoomId,RowLabel,ColNumber,Type,IsBooked) VALUES (61,2,'A',5,'standard',0);
INSERT INTO [Seats] (Id,RoomId,RowLabel,ColNumber,Type,IsBooked) VALUES (62,2,'B',5,'standard',0);
INSERT INTO [Seats] (Id,RoomId,RowLabel,ColNumber,Type,IsBooked) VALUES (63,2,'C',5,'standard',0);
INSERT INTO [Seats] (Id,RoomId,RowLabel,ColNumber,Type,IsBooked) VALUES (64,2,'D',5,'vip',0);
INSERT INTO [Seats] (Id,RoomId,RowLabel,ColNumber,Type,IsBooked) VALUES (65,2,'E',5,'vip',0);
INSERT INTO [Seats] (Id,RoomId,RowLabel,ColNumber,Type,IsBooked) VALUES (66,2,'A',6,'standard',0);
INSERT INTO [Seats] (Id,RoomId,RowLabel,ColNumber,Type,IsBooked) VALUES (67,2,'B',6,'standard',0);
INSERT INTO [Seats] (Id,RoomId,RowLabel,ColNumber,Type,IsBooked) VALUES (68,2,'C',6,'standard',0);
INSERT INTO [Seats] (Id,RoomId,RowLabel,ColNumber,Type,IsBooked) VALUES (69,2,'D',6,'vip',0);
INSERT INTO [Seats] (Id,RoomId,RowLabel,ColNumber,Type,IsBooked) VALUES (70,2,'E',6,'vip',0);
INSERT INTO [Seats] (Id,RoomId,RowLabel,ColNumber,Type,IsBooked) VALUES (71,2,'A',7,'standard',0);
INSERT INTO [Seats] (Id,RoomId,RowLabel,ColNumber,Type,IsBooked) VALUES (72,2,'B',7,'standard',0);
INSERT INTO [Seats] (Id,RoomId,RowLabel,ColNumber,Type,IsBooked) VALUES (73,2,'C',7,'standard',0);
INSERT INTO [Seats] (Id,RoomId,RowLabel,ColNumber,Type,IsBooked) VALUES (74,2,'D',7,'vip',0);
INSERT INTO [Seats] (Id,RoomId,RowLabel,ColNumber,Type,IsBooked) VALUES (75,2,'E',7,'vip',0);
INSERT INTO [Seats] (Id,RoomId,RowLabel,ColNumber,Type,IsBooked) VALUES (76,2,'A',8,'standard',0);
INSERT INTO [Seats] (Id,RoomId,RowLabel,ColNumber,Type,IsBooked) VALUES (77,2,'B',8,'standard',0);
INSERT INTO [Seats] (Id,RoomId,RowLabel,ColNumber,Type,IsBooked) VALUES (78,2,'C',8,'standard',0);
INSERT INTO [Seats] (Id,RoomId,RowLabel,ColNumber,Type,IsBooked) VALUES (79,2,'D',8,'vip',0);
INSERT INTO [Seats] (Id,RoomId,RowLabel,ColNumber,Type,IsBooked) VALUES (80,2,'E',8,'vip',0);
INSERT INTO [Seats] (Id,RoomId,RowLabel,ColNumber,Type,IsBooked) VALUES (81,3,'A',1,'standard',0);
INSERT INTO [Seats] (Id,RoomId,RowLabel,ColNumber,Type,IsBooked) VALUES (82,3,'B',1,'standard',0);
INSERT INTO [Seats] (Id,RoomId,RowLabel,ColNumber,Type,IsBooked) VALUES (83,3,'C',1,'standard',0);
INSERT INTO [Seats] (Id,RoomId,RowLabel,ColNumber,Type,IsBooked) VALUES (84,3,'D',1,'vip',0);
INSERT INTO [Seats] (Id,RoomId,RowLabel,ColNumber,Type,IsBooked) VALUES (85,3,'E',1,'vip',0);
INSERT INTO [Seats] (Id,RoomId,RowLabel,ColNumber,Type,IsBooked) VALUES (86,3,'A',2,'standard',0);
INSERT INTO [Seats] (Id,RoomId,RowLabel,ColNumber,Type,IsBooked) VALUES (87,3,'B',2,'standard',0);
INSERT INTO [Seats] (Id,RoomId,RowLabel,ColNumber,Type,IsBooked) VALUES (88,3,'C',2,'standard',0);
INSERT INTO [Seats] (Id,RoomId,RowLabel,ColNumber,Type,IsBooked) VALUES (89,3,'D',2,'vip',0);
INSERT INTO [Seats] (Id,RoomId,RowLabel,ColNumber,Type,IsBooked) VALUES (90,3,'E',2,'vip',0);
INSERT INTO [Seats] (Id,RoomId,RowLabel,ColNumber,Type,IsBooked) VALUES (91,3,'A',3,'standard',0);
INSERT INTO [Seats] (Id,RoomId,RowLabel,ColNumber,Type,IsBooked) VALUES (92,3,'B',3,'standard',0);
INSERT INTO [Seats] (Id,RoomId,RowLabel,ColNumber,Type,IsBooked) VALUES (93,3,'C',3,'standard',0);
INSERT INTO [Seats] (Id,RoomId,RowLabel,ColNumber,Type,IsBooked) VALUES (94,3,'D',3,'vip',0);
INSERT INTO [Seats] (Id,RoomId,RowLabel,ColNumber,Type,IsBooked) VALUES (95,3,'E',3,'vip',0);
INSERT INTO [Seats] (Id,RoomId,RowLabel,ColNumber,Type,IsBooked) VALUES (96,3,'A',4,'standard',0);
INSERT INTO [Seats] (Id,RoomId,RowLabel,ColNumber,Type,IsBooked) VALUES (97,3,'B',4,'standard',0);
INSERT INTO [Seats] (Id,RoomId,RowLabel,ColNumber,Type,IsBooked) VALUES (98,3,'C',4,'standard',0);
INSERT INTO [Seats] (Id,RoomId,RowLabel,ColNumber,Type,IsBooked) VALUES (99,3,'D',4,'vip',0);
INSERT INTO [Seats] (Id,RoomId,RowLabel,ColNumber,Type,IsBooked) VALUES (100,3,'E',4,'vip',0);
INSERT INTO [Seats] (Id,RoomId,RowLabel,ColNumber,Type,IsBooked) VALUES (101,3,'A',5,'standard',0);
INSERT INTO [Seats] (Id,RoomId,RowLabel,ColNumber,Type,IsBooked) VALUES (102,3,'B',5,'standard',0);
INSERT INTO [Seats] (Id,RoomId,RowLabel,ColNumber,Type,IsBooked) VALUES (103,3,'C',5,'standard',0);
INSERT INTO [Seats] (Id,RoomId,RowLabel,ColNumber,Type,IsBooked) VALUES (104,3,'D',5,'vip',0);
INSERT INTO [Seats] (Id,RoomId,RowLabel,ColNumber,Type,IsBooked) VALUES (105,3,'E',5,'vip',0);
INSERT INTO [Seats] (Id,RoomId,RowLabel,ColNumber,Type,IsBooked) VALUES (106,3,'A',6,'standard',0);
INSERT INTO [Seats] (Id,RoomId,RowLabel,ColNumber,Type,IsBooked) VALUES (107,3,'B',6,'standard',0);
INSERT INTO [Seats] (Id,RoomId,RowLabel,ColNumber,Type,IsBooked) VALUES (108,3,'C',6,'standard',0);
INSERT INTO [Seats] (Id,RoomId,RowLabel,ColNumber,Type,IsBooked) VALUES (109,3,'D',6,'vip',0);
INSERT INTO [Seats] (Id,RoomId,RowLabel,ColNumber,Type,IsBooked) VALUES (110,3,'E',6,'vip',0);
INSERT INTO [Seats] (Id,RoomId,RowLabel,ColNumber,Type,IsBooked) VALUES (111,3,'A',7,'standard',0);
INSERT INTO [Seats] (Id,RoomId,RowLabel,ColNumber,Type,IsBooked) VALUES (112,3,'B',7,'standard',0);
INSERT INTO [Seats] (Id,RoomId,RowLabel,ColNumber,Type,IsBooked) VALUES (113,3,'C',7,'standard',0);
INSERT INTO [Seats] (Id,RoomId,RowLabel,ColNumber,Type,IsBooked) VALUES (114,3,'D',7,'vip',0);
INSERT INTO [Seats] (Id,RoomId,RowLabel,ColNumber,Type,IsBooked) VALUES (115,3,'E',7,'vip',0);
INSERT INTO [Seats] (Id,RoomId,RowLabel,ColNumber,Type,IsBooked) VALUES (116,3,'A',8,'standard',0);
INSERT INTO [Seats] (Id,RoomId,RowLabel,ColNumber,Type,IsBooked) VALUES (117,3,'B',8,'standard',0);
INSERT INTO [Seats] (Id,RoomId,RowLabel,ColNumber,Type,IsBooked) VALUES (118,3,'C',8,'standard',0);
INSERT INTO [Seats] (Id,RoomId,RowLabel,ColNumber,Type,IsBooked) VALUES (119,3,'D',8,'vip',0);
INSERT INTO [Seats] (Id,RoomId,RowLabel,ColNumber,Type,IsBooked) VALUES (120,3,'E',8,'vip',0);
INSERT INTO [Seats] (Id,RoomId,RowLabel,ColNumber,Type,IsBooked) VALUES (121,4,'A',1,'standard',0);
INSERT INTO [Seats] (Id,RoomId,RowLabel,ColNumber,Type,IsBooked) VALUES (122,4,'B',1,'standard',0);
INSERT INTO [Seats] (Id,RoomId,RowLabel,ColNumber,Type,IsBooked) VALUES (123,4,'C',1,'standard',0);
INSERT INTO [Seats] (Id,RoomId,RowLabel,ColNumber,Type,IsBooked) VALUES (124,4,'D',1,'vip',0);
INSERT INTO [Seats] (Id,RoomId,RowLabel,ColNumber,Type,IsBooked) VALUES (125,4,'E',1,'vip',0);
INSERT INTO [Seats] (Id,RoomId,RowLabel,ColNumber,Type,IsBooked) VALUES (126,4,'A',2,'standard',0);
INSERT INTO [Seats] (Id,RoomId,RowLabel,ColNumber,Type,IsBooked) VALUES (127,4,'B',2,'standard',0);
INSERT INTO [Seats] (Id,RoomId,RowLabel,ColNumber,Type,IsBooked) VALUES (128,4,'C',2,'standard',0);
INSERT INTO [Seats] (Id,RoomId,RowLabel,ColNumber,Type,IsBooked) VALUES (129,4,'D',2,'vip',0);
INSERT INTO [Seats] (Id,RoomId,RowLabel,ColNumber,Type,IsBooked) VALUES (130,4,'E',2,'vip',0);
INSERT INTO [Seats] (Id,RoomId,RowLabel,ColNumber,Type,IsBooked) VALUES (131,4,'A',3,'standard',0);
INSERT INTO [Seats] (Id,RoomId,RowLabel,ColNumber,Type,IsBooked) VALUES (132,4,'B',3,'standard',0);
INSERT INTO [Seats] (Id,RoomId,RowLabel,ColNumber,Type,IsBooked) VALUES (133,4,'C',3,'standard',0);
INSERT INTO [Seats] (Id,RoomId,RowLabel,ColNumber,Type,IsBooked) VALUES (134,4,'D',3,'vip',0);
INSERT INTO [Seats] (Id,RoomId,RowLabel,ColNumber,Type,IsBooked) VALUES (135,4,'E',3,'vip',0);
INSERT INTO [Seats] (Id,RoomId,RowLabel,ColNumber,Type,IsBooked) VALUES (136,4,'A',4,'standard',0);
INSERT INTO [Seats] (Id,RoomId,RowLabel,ColNumber,Type,IsBooked) VALUES (137,4,'B',4,'standard',0);
INSERT INTO [Seats] (Id,RoomId,RowLabel,ColNumber,Type,IsBooked) VALUES (138,4,'C',4,'standard',0);
INSERT INTO [Seats] (Id,RoomId,RowLabel,ColNumber,Type,IsBooked) VALUES (139,4,'D',4,'vip',0);
INSERT INTO [Seats] (Id,RoomId,RowLabel,ColNumber,Type,IsBooked) VALUES (140,4,'E',4,'vip',0);
INSERT INTO [Seats] (Id,RoomId,RowLabel,ColNumber,Type,IsBooked) VALUES (141,4,'A',5,'standard',0);
INSERT INTO [Seats] (Id,RoomId,RowLabel,ColNumber,Type,IsBooked) VALUES (142,4,'B',5,'standard',0);
INSERT INTO [Seats] (Id,RoomId,RowLabel,ColNumber,Type,IsBooked) VALUES (143,4,'C',5,'standard',0);
INSERT INTO [Seats] (Id,RoomId,RowLabel,ColNumber,Type,IsBooked) VALUES (144,4,'D',5,'vip',0);
INSERT INTO [Seats] (Id,RoomId,RowLabel,ColNumber,Type,IsBooked) VALUES (145,4,'E',5,'vip',0);
INSERT INTO [Seats] (Id,RoomId,RowLabel,ColNumber,Type,IsBooked) VALUES (146,4,'A',6,'standard',0);
INSERT INTO [Seats] (Id,RoomId,RowLabel,ColNumber,Type,IsBooked) VALUES (147,4,'B',6,'standard',0);
INSERT INTO [Seats] (Id,RoomId,RowLabel,ColNumber,Type,IsBooked) VALUES (148,4,'C',6,'standard',0);
INSERT INTO [Seats] (Id,RoomId,RowLabel,ColNumber,Type,IsBooked) VALUES (149,4,'D',6,'vip',0);
INSERT INTO [Seats] (Id,RoomId,RowLabel,ColNumber,Type,IsBooked) VALUES (150,4,'E',6,'vip',0);
INSERT INTO [Seats] (Id,RoomId,RowLabel,ColNumber,Type,IsBooked) VALUES (151,4,'A',7,'standard',0);
INSERT INTO [Seats] (Id,RoomId,RowLabel,ColNumber,Type,IsBooked) VALUES (152,4,'B',7,'standard',0);
INSERT INTO [Seats] (Id,RoomId,RowLabel,ColNumber,Type,IsBooked) VALUES (153,4,'C',7,'standard',0);
INSERT INTO [Seats] (Id,RoomId,RowLabel,ColNumber,Type,IsBooked) VALUES (154,4,'D',7,'vip',0);
INSERT INTO [Seats] (Id,RoomId,RowLabel,ColNumber,Type,IsBooked) VALUES (155,4,'E',7,'vip',0);
INSERT INTO [Seats] (Id,RoomId,RowLabel,ColNumber,Type,IsBooked) VALUES (156,4,'A',8,'standard',0);
INSERT INTO [Seats] (Id,RoomId,RowLabel,ColNumber,Type,IsBooked) VALUES (157,4,'B',8,'standard',0);
INSERT INTO [Seats] (Id,RoomId,RowLabel,ColNumber,Type,IsBooked) VALUES (158,4,'C',8,'standard',0);
INSERT INTO [Seats] (Id,RoomId,RowLabel,ColNumber,Type,IsBooked) VALUES (159,4,'D',8,'vip',0);
INSERT INTO [Seats] (Id,RoomId,RowLabel,ColNumber,Type,IsBooked) VALUES (160,4,'E',8,'vip',0);
INSERT INTO [Seats] (Id,RoomId,RowLabel,ColNumber,Type,IsBooked) VALUES (161,5,'A',1,'standard',0);
INSERT INTO [Seats] (Id,RoomId,RowLabel,ColNumber,Type,IsBooked) VALUES (162,5,'B',1,'standard',0);
INSERT INTO [Seats] (Id,RoomId,RowLabel,ColNumber,Type,IsBooked) VALUES (163,5,'C',1,'standard',0);
INSERT INTO [Seats] (Id,RoomId,RowLabel,ColNumber,Type,IsBooked) VALUES (164,5,'D',1,'vip',0);
INSERT INTO [Seats] (Id,RoomId,RowLabel,ColNumber,Type,IsBooked) VALUES (165,5,'E',1,'vip',0);
INSERT INTO [Seats] (Id,RoomId,RowLabel,ColNumber,Type,IsBooked) VALUES (166,5,'A',2,'standard',0);
INSERT INTO [Seats] (Id,RoomId,RowLabel,ColNumber,Type,IsBooked) VALUES (167,5,'B',2,'standard',0);
INSERT INTO [Seats] (Id,RoomId,RowLabel,ColNumber,Type,IsBooked) VALUES (168,5,'C',2,'standard',0);
INSERT INTO [Seats] (Id,RoomId,RowLabel,ColNumber,Type,IsBooked) VALUES (169,5,'D',2,'vip',0);
INSERT INTO [Seats] (Id,RoomId,RowLabel,ColNumber,Type,IsBooked) VALUES (170,5,'E',2,'vip',0);
INSERT INTO [Seats] (Id,RoomId,RowLabel,ColNumber,Type,IsBooked) VALUES (171,5,'A',3,'standard',0);
INSERT INTO [Seats] (Id,RoomId,RowLabel,ColNumber,Type,IsBooked) VALUES (172,5,'B',3,'standard',0);
INSERT INTO [Seats] (Id,RoomId,RowLabel,ColNumber,Type,IsBooked) VALUES (173,5,'C',3,'standard',0);
INSERT INTO [Seats] (Id,RoomId,RowLabel,ColNumber,Type,IsBooked) VALUES (174,5,'D',3,'vip',0);
INSERT INTO [Seats] (Id,RoomId,RowLabel,ColNumber,Type,IsBooked) VALUES (175,5,'E',3,'vip',0);
INSERT INTO [Seats] (Id,RoomId,RowLabel,ColNumber,Type,IsBooked) VALUES (176,5,'A',4,'standard',0);
INSERT INTO [Seats] (Id,RoomId,RowLabel,ColNumber,Type,IsBooked) VALUES (177,5,'B',4,'standard',0);
INSERT INTO [Seats] (Id,RoomId,RowLabel,ColNumber,Type,IsBooked) VALUES (178,5,'C',4,'standard',0);
INSERT INTO [Seats] (Id,RoomId,RowLabel,ColNumber,Type,IsBooked) VALUES (179,5,'D',4,'vip',0);
INSERT INTO [Seats] (Id,RoomId,RowLabel,ColNumber,Type,IsBooked) VALUES (180,5,'E',4,'vip',0);
INSERT INTO [Seats] (Id,RoomId,RowLabel,ColNumber,Type,IsBooked) VALUES (181,5,'A',5,'standard',0);
INSERT INTO [Seats] (Id,RoomId,RowLabel,ColNumber,Type,IsBooked) VALUES (182,5,'B',5,'standard',0);
INSERT INTO [Seats] (Id,RoomId,RowLabel,ColNumber,Type,IsBooked) VALUES (183,5,'C',5,'standard',0);
INSERT INTO [Seats] (Id,RoomId,RowLabel,ColNumber,Type,IsBooked) VALUES (184,5,'D',5,'vip',0);
INSERT INTO [Seats] (Id,RoomId,RowLabel,ColNumber,Type,IsBooked) VALUES (185,5,'E',5,'vip',0);
INSERT INTO [Seats] (Id,RoomId,RowLabel,ColNumber,Type,IsBooked) VALUES (186,5,'A',6,'standard',0);
INSERT INTO [Seats] (Id,RoomId,RowLabel,ColNumber,Type,IsBooked) VALUES (187,5,'B',6,'standard',0);
INSERT INTO [Seats] (Id,RoomId,RowLabel,ColNumber,Type,IsBooked) VALUES (188,5,'C',6,'standard',0);
INSERT INTO [Seats] (Id,RoomId,RowLabel,ColNumber,Type,IsBooked) VALUES (189,5,'D',6,'vip',0);
INSERT INTO [Seats] (Id,RoomId,RowLabel,ColNumber,Type,IsBooked) VALUES (190,5,'E',6,'vip',0);
INSERT INTO [Seats] (Id,RoomId,RowLabel,ColNumber,Type,IsBooked) VALUES (191,5,'A',7,'standard',0);
INSERT INTO [Seats] (Id,RoomId,RowLabel,ColNumber,Type,IsBooked) VALUES (192,5,'B',7,'standard',0);
INSERT INTO [Seats] (Id,RoomId,RowLabel,ColNumber,Type,IsBooked) VALUES (193,5,'C',7,'standard',0);
INSERT INTO [Seats] (Id,RoomId,RowLabel,ColNumber,Type,IsBooked) VALUES (194,5,'D',7,'vip',0);
INSERT INTO [Seats] (Id,RoomId,RowLabel,ColNumber,Type,IsBooked) VALUES (195,5,'E',7,'vip',0);
INSERT INTO [Seats] (Id,RoomId,RowLabel,ColNumber,Type,IsBooked) VALUES (196,5,'A',8,'standard',0);
INSERT INTO [Seats] (Id,RoomId,RowLabel,ColNumber,Type,IsBooked) VALUES (197,5,'B',8,'standard',0);
INSERT INTO [Seats] (Id,RoomId,RowLabel,ColNumber,Type,IsBooked) VALUES (198,5,'C',8,'standard',0);
INSERT INTO [Seats] (Id,RoomId,RowLabel,ColNumber,Type,IsBooked) VALUES (199,5,'D',8,'vip',0);
INSERT INTO [Seats] (Id,RoomId,RowLabel,ColNumber,Type,IsBooked) VALUES (200,5,'E',8,'vip',0);
INSERT INTO [Seats] (Id,RoomId,RowLabel,ColNumber,Type,IsBooked) VALUES (201,5,'A',9,'standard',0);
INSERT INTO [Seats] (Id,RoomId,RowLabel,ColNumber,Type,IsBooked) VALUES (202,5,'B',9,'standard',0);
INSERT INTO [Seats] (Id,RoomId,RowLabel,ColNumber,Type,IsBooked) VALUES (203,5,'C',9,'standard',0);
INSERT INTO [Seats] (Id,RoomId,RowLabel,ColNumber,Type,IsBooked) VALUES (204,5,'D',9,'vip',0);
INSERT INTO [Seats] (Id,RoomId,RowLabel,ColNumber,Type,IsBooked) VALUES (205,5,'E',9,'vip',0);
INSERT INTO [Seats] (Id,RoomId,RowLabel,ColNumber,Type,IsBooked) VALUES (206,5,'A',10,'standard',0);
INSERT INTO [Seats] (Id,RoomId,RowLabel,ColNumber,Type,IsBooked) VALUES (207,5,'B',10,'standard',0);
INSERT INTO [Seats] (Id,RoomId,RowLabel,ColNumber,Type,IsBooked) VALUES (208,5,'C',10,'standard',0);
INSERT INTO [Seats] (Id,RoomId,RowLabel,ColNumber,Type,IsBooked) VALUES (209,5,'D',10,'vip',0);
INSERT INTO [Seats] (Id,RoomId,RowLabel,ColNumber,Type,IsBooked) VALUES (210,5,'E',10,'vip',0);
INSERT INTO [Seats] (Id,RoomId,RowLabel,ColNumber,Type,IsBooked) VALUES (211,6,'A',1,'vip',0);
INSERT INTO [Seats] (Id,RoomId,RowLabel,ColNumber,Type,IsBooked) VALUES (212,6,'B',1,'vip',0);
INSERT INTO [Seats] (Id,RoomId,RowLabel,ColNumber,Type,IsBooked) VALUES (213,6,'C',1,'vip',0);
INSERT INTO [Seats] (Id,RoomId,RowLabel,ColNumber,Type,IsBooked) VALUES (214,6,'D',1,'vip',0);
INSERT INTO [Seats] (Id,RoomId,RowLabel,ColNumber,Type,IsBooked) VALUES (215,6,'A',2,'vip',0);
INSERT INTO [Seats] (Id,RoomId,RowLabel,ColNumber,Type,IsBooked) VALUES (216,6,'B',2,'vip',0);
INSERT INTO [Seats] (Id,RoomId,RowLabel,ColNumber,Type,IsBooked) VALUES (217,6,'C',2,'vip',0);
INSERT INTO [Seats] (Id,RoomId,RowLabel,ColNumber,Type,IsBooked) VALUES (218,6,'D',2,'vip',0);
INSERT INTO [Seats] (Id,RoomId,RowLabel,ColNumber,Type,IsBooked) VALUES (219,6,'A',3,'vip',0);
INSERT INTO [Seats] (Id,RoomId,RowLabel,ColNumber,Type,IsBooked) VALUES (220,6,'B',3,'vip',0);
INSERT INTO [Seats] (Id,RoomId,RowLabel,ColNumber,Type,IsBooked) VALUES (221,6,'C',3,'vip',0);
INSERT INTO [Seats] (Id,RoomId,RowLabel,ColNumber,Type,IsBooked) VALUES (222,6,'D',3,'vip',0);
INSERT INTO [Seats] (Id,RoomId,RowLabel,ColNumber,Type,IsBooked) VALUES (223,6,'A',4,'vip',0);
INSERT INTO [Seats] (Id,RoomId,RowLabel,ColNumber,Type,IsBooked) VALUES (224,6,'B',4,'vip',0);
INSERT INTO [Seats] (Id,RoomId,RowLabel,ColNumber,Type,IsBooked) VALUES (225,6,'C',4,'vip',0);
INSERT INTO [Seats] (Id,RoomId,RowLabel,ColNumber,Type,IsBooked) VALUES (226,6,'D',4,'vip',0);
INSERT INTO [Seats] (Id,RoomId,RowLabel,ColNumber,Type,IsBooked) VALUES (227,6,'A',5,'vip',0);
INSERT INTO [Seats] (Id,RoomId,RowLabel,ColNumber,Type,IsBooked) VALUES (228,6,'B',5,'vip',0);
INSERT INTO [Seats] (Id,RoomId,RowLabel,ColNumber,Type,IsBooked) VALUES (229,6,'C',5,'vip',0);
INSERT INTO [Seats] (Id,RoomId,RowLabel,ColNumber,Type,IsBooked) VALUES (230,6,'D',5,'vip',0);
INSERT INTO [Seats] (Id,RoomId,RowLabel,ColNumber,Type,IsBooked) VALUES (231,6,'A',6,'vip',0);
INSERT INTO [Seats] (Id,RoomId,RowLabel,ColNumber,Type,IsBooked) VALUES (232,6,'B',6,'vip',0);
INSERT INTO [Seats] (Id,RoomId,RowLabel,ColNumber,Type,IsBooked) VALUES (233,6,'C',6,'vip',0);
INSERT INTO [Seats] (Id,RoomId,RowLabel,ColNumber,Type,IsBooked) VALUES (234,6,'D',6,'vip',0);
INSERT INTO [Seats] (Id,RoomId,RowLabel,ColNumber,Type,IsBooked) VALUES (235,7,'A',1,'standard',0);
INSERT INTO [Seats] (Id,RoomId,RowLabel,ColNumber,Type,IsBooked) VALUES (236,7,'B',1,'standard',0);
INSERT INTO [Seats] (Id,RoomId,RowLabel,ColNumber,Type,IsBooked) VALUES (237,7,'C',1,'standard',0);
INSERT INTO [Seats] (Id,RoomId,RowLabel,ColNumber,Type,IsBooked) VALUES (238,7,'D',1,'vip',0);
INSERT INTO [Seats] (Id,RoomId,RowLabel,ColNumber,Type,IsBooked) VALUES (239,7,'E',1,'vip',0);
INSERT INTO [Seats] (Id,RoomId,RowLabel,ColNumber,Type,IsBooked) VALUES (240,7,'A',2,'standard',0);
INSERT INTO [Seats] (Id,RoomId,RowLabel,ColNumber,Type,IsBooked) VALUES (241,7,'B',2,'standard',0);
INSERT INTO [Seats] (Id,RoomId,RowLabel,ColNumber,Type,IsBooked) VALUES (242,7,'C',2,'standard',0);
INSERT INTO [Seats] (Id,RoomId,RowLabel,ColNumber,Type,IsBooked) VALUES (243,7,'D',2,'vip',0);
INSERT INTO [Seats] (Id,RoomId,RowLabel,ColNumber,Type,IsBooked) VALUES (244,7,'E',2,'vip',0);
INSERT INTO [Seats] (Id,RoomId,RowLabel,ColNumber,Type,IsBooked) VALUES (245,7,'A',3,'standard',0);
INSERT INTO [Seats] (Id,RoomId,RowLabel,ColNumber,Type,IsBooked) VALUES (246,7,'B',3,'standard',0);
INSERT INTO [Seats] (Id,RoomId,RowLabel,ColNumber,Type,IsBooked) VALUES (247,7,'C',3,'standard',0);
INSERT INTO [Seats] (Id,RoomId,RowLabel,ColNumber,Type,IsBooked) VALUES (248,7,'D',3,'vip',0);
INSERT INTO [Seats] (Id,RoomId,RowLabel,ColNumber,Type,IsBooked) VALUES (249,7,'E',3,'vip',0);
INSERT INTO [Seats] (Id,RoomId,RowLabel,ColNumber,Type,IsBooked) VALUES (250,7,'A',4,'standard',0);
INSERT INTO [Seats] (Id,RoomId,RowLabel,ColNumber,Type,IsBooked) VALUES (251,7,'B',4,'standard',0);
INSERT INTO [Seats] (Id,RoomId,RowLabel,ColNumber,Type,IsBooked) VALUES (252,7,'C',4,'standard',0);
INSERT INTO [Seats] (Id,RoomId,RowLabel,ColNumber,Type,IsBooked) VALUES (253,7,'D',4,'vip',0);
INSERT INTO [Seats] (Id,RoomId,RowLabel,ColNumber,Type,IsBooked) VALUES (254,7,'E',4,'vip',0);
INSERT INTO [Seats] (Id,RoomId,RowLabel,ColNumber,Type,IsBooked) VALUES (255,7,'A',5,'standard',0);
INSERT INTO [Seats] (Id,RoomId,RowLabel,ColNumber,Type,IsBooked) VALUES (256,7,'B',5,'standard',0);
INSERT INTO [Seats] (Id,RoomId,RowLabel,ColNumber,Type,IsBooked) VALUES (257,7,'C',5,'standard',0);
INSERT INTO [Seats] (Id,RoomId,RowLabel,ColNumber,Type,IsBooked) VALUES (258,7,'D',5,'vip',0);
INSERT INTO [Seats] (Id,RoomId,RowLabel,ColNumber,Type,IsBooked) VALUES (259,7,'E',5,'vip',0);
INSERT INTO [Seats] (Id,RoomId,RowLabel,ColNumber,Type,IsBooked) VALUES (260,7,'A',6,'standard',0);
INSERT INTO [Seats] (Id,RoomId,RowLabel,ColNumber,Type,IsBooked) VALUES (261,7,'B',6,'standard',0);
INSERT INTO [Seats] (Id,RoomId,RowLabel,ColNumber,Type,IsBooked) VALUES (262,7,'C',6,'standard',0);
INSERT INTO [Seats] (Id,RoomId,RowLabel,ColNumber,Type,IsBooked) VALUES (263,7,'D',6,'vip',0);
INSERT INTO [Seats] (Id,RoomId,RowLabel,ColNumber,Type,IsBooked) VALUES (264,7,'E',6,'vip',0);
INSERT INTO [Seats] (Id,RoomId,RowLabel,ColNumber,Type,IsBooked) VALUES (265,7,'A',7,'standard',0);
INSERT INTO [Seats] (Id,RoomId,RowLabel,ColNumber,Type,IsBooked) VALUES (266,7,'B',7,'standard',0);
INSERT INTO [Seats] (Id,RoomId,RowLabel,ColNumber,Type,IsBooked) VALUES (267,7,'C',7,'standard',0);
INSERT INTO [Seats] (Id,RoomId,RowLabel,ColNumber,Type,IsBooked) VALUES (268,7,'D',7,'vip',0);
INSERT INTO [Seats] (Id,RoomId,RowLabel,ColNumber,Type,IsBooked) VALUES (269,7,'E',7,'vip',0);
INSERT INTO [Seats] (Id,RoomId,RowLabel,ColNumber,Type,IsBooked) VALUES (270,7,'A',8,'standard',0);
INSERT INTO [Seats] (Id,RoomId,RowLabel,ColNumber,Type,IsBooked) VALUES (271,7,'B',8,'standard',0);
INSERT INTO [Seats] (Id,RoomId,RowLabel,ColNumber,Type,IsBooked) VALUES (272,7,'C',8,'standard',0);
INSERT INTO [Seats] (Id,RoomId,RowLabel,ColNumber,Type,IsBooked) VALUES (273,7,'D',8,'vip',0);
INSERT INTO [Seats] (Id,RoomId,RowLabel,ColNumber,Type,IsBooked) VALUES (274,7,'E',8,'vip',0);
INSERT INTO [Seats] (Id,RoomId,RowLabel,ColNumber,Type,IsBooked) VALUES (275,8,'A',1,'standard',0);
INSERT INTO [Seats] (Id,RoomId,RowLabel,ColNumber,Type,IsBooked) VALUES (276,8,'B',1,'standard',0);
INSERT INTO [Seats] (Id,RoomId,RowLabel,ColNumber,Type,IsBooked) VALUES (277,8,'C',1,'standard',0);
INSERT INTO [Seats] (Id,RoomId,RowLabel,ColNumber,Type,IsBooked) VALUES (278,8,'D',1,'vip',0);
INSERT INTO [Seats] (Id,RoomId,RowLabel,ColNumber,Type,IsBooked) VALUES (279,8,'E',1,'vip',0);
INSERT INTO [Seats] (Id,RoomId,RowLabel,ColNumber,Type,IsBooked) VALUES (280,8,'A',2,'standard',0);
INSERT INTO [Seats] (Id,RoomId,RowLabel,ColNumber,Type,IsBooked) VALUES (281,8,'B',2,'standard',0);
INSERT INTO [Seats] (Id,RoomId,RowLabel,ColNumber,Type,IsBooked) VALUES (282,8,'C',2,'standard',0);
INSERT INTO [Seats] (Id,RoomId,RowLabel,ColNumber,Type,IsBooked) VALUES (283,8,'D',2,'vip',0);
INSERT INTO [Seats] (Id,RoomId,RowLabel,ColNumber,Type,IsBooked) VALUES (284,8,'E',2,'vip',0);
INSERT INTO [Seats] (Id,RoomId,RowLabel,ColNumber,Type,IsBooked) VALUES (285,8,'A',3,'standard',0);
INSERT INTO [Seats] (Id,RoomId,RowLabel,ColNumber,Type,IsBooked) VALUES (286,8,'B',3,'standard',0);
INSERT INTO [Seats] (Id,RoomId,RowLabel,ColNumber,Type,IsBooked) VALUES (287,8,'C',3,'standard',0);
INSERT INTO [Seats] (Id,RoomId,RowLabel,ColNumber,Type,IsBooked) VALUES (288,8,'D',3,'vip',0);
INSERT INTO [Seats] (Id,RoomId,RowLabel,ColNumber,Type,IsBooked) VALUES (289,8,'E',3,'vip',0);
INSERT INTO [Seats] (Id,RoomId,RowLabel,ColNumber,Type,IsBooked) VALUES (290,8,'A',4,'standard',0);
INSERT INTO [Seats] (Id,RoomId,RowLabel,ColNumber,Type,IsBooked) VALUES (291,8,'B',4,'standard',0);
INSERT INTO [Seats] (Id,RoomId,RowLabel,ColNumber,Type,IsBooked) VALUES (292,8,'C',4,'standard',0);
INSERT INTO [Seats] (Id,RoomId,RowLabel,ColNumber,Type,IsBooked) VALUES (293,8,'D',4,'vip',0);
INSERT INTO [Seats] (Id,RoomId,RowLabel,ColNumber,Type,IsBooked) VALUES (294,8,'E',4,'vip',0);
INSERT INTO [Seats] (Id,RoomId,RowLabel,ColNumber,Type,IsBooked) VALUES (295,8,'A',5,'standard',0);
INSERT INTO [Seats] (Id,RoomId,RowLabel,ColNumber,Type,IsBooked) VALUES (296,8,'B',5,'standard',0);
INSERT INTO [Seats] (Id,RoomId,RowLabel,ColNumber,Type,IsBooked) VALUES (297,8,'C',5,'standard',0);
INSERT INTO [Seats] (Id,RoomId,RowLabel,ColNumber,Type,IsBooked) VALUES (298,8,'D',5,'vip',0);
INSERT INTO [Seats] (Id,RoomId,RowLabel,ColNumber,Type,IsBooked) VALUES (299,8,'E',5,'vip',0);
INSERT INTO [Seats] (Id,RoomId,RowLabel,ColNumber,Type,IsBooked) VALUES (300,8,'A',6,'standard',0);
INSERT INTO [Seats] (Id,RoomId,RowLabel,ColNumber,Type,IsBooked) VALUES (301,8,'B',6,'standard',0);
INSERT INTO [Seats] (Id,RoomId,RowLabel,ColNumber,Type,IsBooked) VALUES (302,8,'C',6,'standard',0);
INSERT INTO [Seats] (Id,RoomId,RowLabel,ColNumber,Type,IsBooked) VALUES (303,8,'D',6,'vip',0);
INSERT INTO [Seats] (Id,RoomId,RowLabel,ColNumber,Type,IsBooked) VALUES (304,8,'E',6,'vip',0);
INSERT INTO [Seats] (Id,RoomId,RowLabel,ColNumber,Type,IsBooked) VALUES (305,8,'A',7,'standard',0);
INSERT INTO [Seats] (Id,RoomId,RowLabel,ColNumber,Type,IsBooked) VALUES (306,8,'B',7,'standard',0);
INSERT INTO [Seats] (Id,RoomId,RowLabel,ColNumber,Type,IsBooked) VALUES (307,8,'C',7,'standard',0);
INSERT INTO [Seats] (Id,RoomId,RowLabel,ColNumber,Type,IsBooked) VALUES (308,8,'D',7,'vip',0);
INSERT INTO [Seats] (Id,RoomId,RowLabel,ColNumber,Type,IsBooked) VALUES (309,8,'E',7,'vip',0);
INSERT INTO [Seats] (Id,RoomId,RowLabel,ColNumber,Type,IsBooked) VALUES (310,8,'A',8,'standard',0);
INSERT INTO [Seats] (Id,RoomId,RowLabel,ColNumber,Type,IsBooked) VALUES (311,8,'B',8,'standard',0);
INSERT INTO [Seats] (Id,RoomId,RowLabel,ColNumber,Type,IsBooked) VALUES (312,8,'C',8,'standard',0);
INSERT INTO [Seats] (Id,RoomId,RowLabel,ColNumber,Type,IsBooked) VALUES (313,8,'D',8,'vip',0);
INSERT INTO [Seats] (Id,RoomId,RowLabel,ColNumber,Type,IsBooked) VALUES (314,8,'E',8,'vip',0);
INSERT INTO [Seats] (Id,RoomId,RowLabel,ColNumber,Type,IsBooked) VALUES (315,8,'A',9,'standard',0);
INSERT INTO [Seats] (Id,RoomId,RowLabel,ColNumber,Type,IsBooked) VALUES (316,8,'B',9,'standard',0);
INSERT INTO [Seats] (Id,RoomId,RowLabel,ColNumber,Type,IsBooked) VALUES (317,8,'C',9,'standard',0);
INSERT INTO [Seats] (Id,RoomId,RowLabel,ColNumber,Type,IsBooked) VALUES (318,8,'D',9,'vip',0);
INSERT INTO [Seats] (Id,RoomId,RowLabel,ColNumber,Type,IsBooked) VALUES (319,8,'E',9,'vip',0);
INSERT INTO [Seats] (Id,RoomId,RowLabel,ColNumber,Type,IsBooked) VALUES (320,8,'A',10,'standard',0);
INSERT INTO [Seats] (Id,RoomId,RowLabel,ColNumber,Type,IsBooked) VALUES (321,8,'B',10,'standard',0);
INSERT INTO [Seats] (Id,RoomId,RowLabel,ColNumber,Type,IsBooked) VALUES (322,8,'C',10,'standard',0);
INSERT INTO [Seats] (Id,RoomId,RowLabel,ColNumber,Type,IsBooked) VALUES (323,8,'D',10,'vip',0);
INSERT INTO [Seats] (Id,RoomId,RowLabel,ColNumber,Type,IsBooked) VALUES (324,8,'E',10,'vip',0);
INSERT INTO [Seats] (Id,RoomId,RowLabel,ColNumber,Type,IsBooked) VALUES (325,9,'A',1,'vip',0);
INSERT INTO [Seats] (Id,RoomId,RowLabel,ColNumber,Type,IsBooked) VALUES (326,9,'B',1,'vip',0);
INSERT INTO [Seats] (Id,RoomId,RowLabel,ColNumber,Type,IsBooked) VALUES (327,9,'C',1,'vip',0);
INSERT INTO [Seats] (Id,RoomId,RowLabel,ColNumber,Type,IsBooked) VALUES (328,9,'D',1,'vip',0);
INSERT INTO [Seats] (Id,RoomId,RowLabel,ColNumber,Type,IsBooked) VALUES (329,9,'A',2,'vip',0);
INSERT INTO [Seats] (Id,RoomId,RowLabel,ColNumber,Type,IsBooked) VALUES (330,9,'B',2,'vip',0);
INSERT INTO [Seats] (Id,RoomId,RowLabel,ColNumber,Type,IsBooked) VALUES (331,9,'C',2,'vip',0);
INSERT INTO [Seats] (Id,RoomId,RowLabel,ColNumber,Type,IsBooked) VALUES (332,9,'D',2,'vip',0);
INSERT INTO [Seats] (Id,RoomId,RowLabel,ColNumber,Type,IsBooked) VALUES (333,9,'A',3,'vip',0);
INSERT INTO [Seats] (Id,RoomId,RowLabel,ColNumber,Type,IsBooked) VALUES (334,9,'B',3,'vip',0);
INSERT INTO [Seats] (Id,RoomId,RowLabel,ColNumber,Type,IsBooked) VALUES (335,9,'C',3,'vip',0);
INSERT INTO [Seats] (Id,RoomId,RowLabel,ColNumber,Type,IsBooked) VALUES (336,9,'D',3,'vip',0);
INSERT INTO [Seats] (Id,RoomId,RowLabel,ColNumber,Type,IsBooked) VALUES (337,9,'A',4,'vip',0);
INSERT INTO [Seats] (Id,RoomId,RowLabel,ColNumber,Type,IsBooked) VALUES (338,9,'B',4,'vip',0);
INSERT INTO [Seats] (Id,RoomId,RowLabel,ColNumber,Type,IsBooked) VALUES (339,9,'C',4,'vip',0);
INSERT INTO [Seats] (Id,RoomId,RowLabel,ColNumber,Type,IsBooked) VALUES (340,9,'D',4,'vip',0);
INSERT INTO [Seats] (Id,RoomId,RowLabel,ColNumber,Type,IsBooked) VALUES (341,9,'A',5,'vip',0);
INSERT INTO [Seats] (Id,RoomId,RowLabel,ColNumber,Type,IsBooked) VALUES (342,9,'B',5,'vip',0);
INSERT INTO [Seats] (Id,RoomId,RowLabel,ColNumber,Type,IsBooked) VALUES (343,9,'C',5,'vip',0);
INSERT INTO [Seats] (Id,RoomId,RowLabel,ColNumber,Type,IsBooked) VALUES (344,9,'D',5,'vip',0);
INSERT INTO [Seats] (Id,RoomId,RowLabel,ColNumber,Type,IsBooked) VALUES (345,9,'A',6,'vip',0);
INSERT INTO [Seats] (Id,RoomId,RowLabel,ColNumber,Type,IsBooked) VALUES (346,9,'B',6,'vip',0);
INSERT INTO [Seats] (Id,RoomId,RowLabel,ColNumber,Type,IsBooked) VALUES (347,9,'C',6,'vip',0);
INSERT INTO [Seats] (Id,RoomId,RowLabel,ColNumber,Type,IsBooked) VALUES (348,9,'D',6,'vip',0);
INSERT INTO [Seats] (Id,RoomId,RowLabel,ColNumber,Type,IsBooked) VALUES (349,10,'A',1,'standard',0);
INSERT INTO [Seats] (Id,RoomId,RowLabel,ColNumber,Type,IsBooked) VALUES (350,10,'B',1,'standard',0);
INSERT INTO [Seats] (Id,RoomId,RowLabel,ColNumber,Type,IsBooked) VALUES (351,10,'C',1,'standard',0);
INSERT INTO [Seats] (Id,RoomId,RowLabel,ColNumber,Type,IsBooked) VALUES (352,10,'D',1,'vip',0);
INSERT INTO [Seats] (Id,RoomId,RowLabel,ColNumber,Type,IsBooked) VALUES (353,10,'E',1,'vip',0);
INSERT INTO [Seats] (Id,RoomId,RowLabel,ColNumber,Type,IsBooked) VALUES (354,10,'A',2,'standard',0);
INSERT INTO [Seats] (Id,RoomId,RowLabel,ColNumber,Type,IsBooked) VALUES (355,10,'B',2,'standard',0);
INSERT INTO [Seats] (Id,RoomId,RowLabel,ColNumber,Type,IsBooked) VALUES (356,10,'C',2,'standard',0);
INSERT INTO [Seats] (Id,RoomId,RowLabel,ColNumber,Type,IsBooked) VALUES (357,10,'D',2,'vip',0);
INSERT INTO [Seats] (Id,RoomId,RowLabel,ColNumber,Type,IsBooked) VALUES (358,10,'E',2,'vip',0);
INSERT INTO [Seats] (Id,RoomId,RowLabel,ColNumber,Type,IsBooked) VALUES (359,10,'A',3,'standard',0);
INSERT INTO [Seats] (Id,RoomId,RowLabel,ColNumber,Type,IsBooked) VALUES (360,10,'B',3,'standard',0);
INSERT INTO [Seats] (Id,RoomId,RowLabel,ColNumber,Type,IsBooked) VALUES (361,10,'C',3,'standard',0);
INSERT INTO [Seats] (Id,RoomId,RowLabel,ColNumber,Type,IsBooked) VALUES (362,10,'D',3,'vip',0);
INSERT INTO [Seats] (Id,RoomId,RowLabel,ColNumber,Type,IsBooked) VALUES (363,10,'E',3,'vip',0);
INSERT INTO [Seats] (Id,RoomId,RowLabel,ColNumber,Type,IsBooked) VALUES (364,10,'A',4,'standard',0);
INSERT INTO [Seats] (Id,RoomId,RowLabel,ColNumber,Type,IsBooked) VALUES (365,10,'B',4,'standard',0);
INSERT INTO [Seats] (Id,RoomId,RowLabel,ColNumber,Type,IsBooked) VALUES (366,10,'C',4,'standard',0);
INSERT INTO [Seats] (Id,RoomId,RowLabel,ColNumber,Type,IsBooked) VALUES (367,10,'D',4,'vip',0);
INSERT INTO [Seats] (Id,RoomId,RowLabel,ColNumber,Type,IsBooked) VALUES (368,10,'E',4,'vip',0);
INSERT INTO [Seats] (Id,RoomId,RowLabel,ColNumber,Type,IsBooked) VALUES (369,10,'A',5,'standard',0);
INSERT INTO [Seats] (Id,RoomId,RowLabel,ColNumber,Type,IsBooked) VALUES (370,10,'B',5,'standard',0);
INSERT INTO [Seats] (Id,RoomId,RowLabel,ColNumber,Type,IsBooked) VALUES (371,10,'C',5,'standard',0);
INSERT INTO [Seats] (Id,RoomId,RowLabel,ColNumber,Type,IsBooked) VALUES (372,10,'D',5,'vip',0);
INSERT INTO [Seats] (Id,RoomId,RowLabel,ColNumber,Type,IsBooked) VALUES (373,10,'E',5,'vip',0);
INSERT INTO [Seats] (Id,RoomId,RowLabel,ColNumber,Type,IsBooked) VALUES (374,10,'A',6,'standard',0);
INSERT INTO [Seats] (Id,RoomId,RowLabel,ColNumber,Type,IsBooked) VALUES (375,10,'B',6,'standard',0);
INSERT INTO [Seats] (Id,RoomId,RowLabel,ColNumber,Type,IsBooked) VALUES (376,10,'C',6,'standard',0);
INSERT INTO [Seats] (Id,RoomId,RowLabel,ColNumber,Type,IsBooked) VALUES (377,10,'D',6,'vip',0);
INSERT INTO [Seats] (Id,RoomId,RowLabel,ColNumber,Type,IsBooked) VALUES (378,10,'E',6,'vip',0);
INSERT INTO [Seats] (Id,RoomId,RowLabel,ColNumber,Type,IsBooked) VALUES (379,10,'A',7,'standard',0);
INSERT INTO [Seats] (Id,RoomId,RowLabel,ColNumber,Type,IsBooked) VALUES (380,10,'B',7,'standard',0);
INSERT INTO [Seats] (Id,RoomId,RowLabel,ColNumber,Type,IsBooked) VALUES (381,10,'C',7,'standard',0);
INSERT INTO [Seats] (Id,RoomId,RowLabel,ColNumber,Type,IsBooked) VALUES (382,10,'D',7,'vip',0);
INSERT INTO [Seats] (Id,RoomId,RowLabel,ColNumber,Type,IsBooked) VALUES (383,10,'E',7,'vip',0);
INSERT INTO [Seats] (Id,RoomId,RowLabel,ColNumber,Type,IsBooked) VALUES (384,10,'A',8,'standard',0);
INSERT INTO [Seats] (Id,RoomId,RowLabel,ColNumber,Type,IsBooked) VALUES (385,10,'B',8,'standard',0);
INSERT INTO [Seats] (Id,RoomId,RowLabel,ColNumber,Type,IsBooked) VALUES (386,10,'C',8,'standard',0);
INSERT INTO [Seats] (Id,RoomId,RowLabel,ColNumber,Type,IsBooked) VALUES (387,10,'D',8,'vip',0);
INSERT INTO [Seats] (Id,RoomId,RowLabel,ColNumber,Type,IsBooked) VALUES (388,10,'E',8,'vip',0);
INSERT INTO [Seats] (Id,RoomId,RowLabel,ColNumber,Type,IsBooked) VALUES (389,11,'A',1,'standard',0);
INSERT INTO [Seats] (Id,RoomId,RowLabel,ColNumber,Type,IsBooked) VALUES (390,11,'B',1,'standard',0);
INSERT INTO [Seats] (Id,RoomId,RowLabel,ColNumber,Type,IsBooked) VALUES (391,11,'C',1,'standard',0);
INSERT INTO [Seats] (Id,RoomId,RowLabel,ColNumber,Type,IsBooked) VALUES (392,11,'D',1,'vip',0);
INSERT INTO [Seats] (Id,RoomId,RowLabel,ColNumber,Type,IsBooked) VALUES (393,11,'E',1,'vip',0);
INSERT INTO [Seats] (Id,RoomId,RowLabel,ColNumber,Type,IsBooked) VALUES (394,11,'A',2,'standard',0);
INSERT INTO [Seats] (Id,RoomId,RowLabel,ColNumber,Type,IsBooked) VALUES (395,11,'B',2,'standard',0);
INSERT INTO [Seats] (Id,RoomId,RowLabel,ColNumber,Type,IsBooked) VALUES (396,11,'C',2,'standard',0);
INSERT INTO [Seats] (Id,RoomId,RowLabel,ColNumber,Type,IsBooked) VALUES (397,11,'D',2,'vip',0);
INSERT INTO [Seats] (Id,RoomId,RowLabel,ColNumber,Type,IsBooked) VALUES (398,11,'E',2,'vip',0);
INSERT INTO [Seats] (Id,RoomId,RowLabel,ColNumber,Type,IsBooked) VALUES (399,11,'A',3,'standard',0);
INSERT INTO [Seats] (Id,RoomId,RowLabel,ColNumber,Type,IsBooked) VALUES (400,11,'B',3,'standard',0);
INSERT INTO [Seats] (Id,RoomId,RowLabel,ColNumber,Type,IsBooked) VALUES (401,11,'C',3,'standard',0);
INSERT INTO [Seats] (Id,RoomId,RowLabel,ColNumber,Type,IsBooked) VALUES (402,11,'D',3,'vip',0);
INSERT INTO [Seats] (Id,RoomId,RowLabel,ColNumber,Type,IsBooked) VALUES (403,11,'E',3,'vip',0);
INSERT INTO [Seats] (Id,RoomId,RowLabel,ColNumber,Type,IsBooked) VALUES (404,11,'A',4,'standard',0);
INSERT INTO [Seats] (Id,RoomId,RowLabel,ColNumber,Type,IsBooked) VALUES (405,11,'B',4,'standard',0);
INSERT INTO [Seats] (Id,RoomId,RowLabel,ColNumber,Type,IsBooked) VALUES (406,11,'C',4,'standard',0);
INSERT INTO [Seats] (Id,RoomId,RowLabel,ColNumber,Type,IsBooked) VALUES (407,11,'D',4,'vip',0);
INSERT INTO [Seats] (Id,RoomId,RowLabel,ColNumber,Type,IsBooked) VALUES (408,11,'E',4,'vip',0);
INSERT INTO [Seats] (Id,RoomId,RowLabel,ColNumber,Type,IsBooked) VALUES (409,11,'A',5,'standard',0);
INSERT INTO [Seats] (Id,RoomId,RowLabel,ColNumber,Type,IsBooked) VALUES (410,11,'B',5,'standard',0);
INSERT INTO [Seats] (Id,RoomId,RowLabel,ColNumber,Type,IsBooked) VALUES (411,11,'C',5,'standard',0);
INSERT INTO [Seats] (Id,RoomId,RowLabel,ColNumber,Type,IsBooked) VALUES (412,11,'D',5,'vip',0);
INSERT INTO [Seats] (Id,RoomId,RowLabel,ColNumber,Type,IsBooked) VALUES (413,11,'E',5,'vip',0);
INSERT INTO [Seats] (Id,RoomId,RowLabel,ColNumber,Type,IsBooked) VALUES (414,11,'A',6,'standard',0);
INSERT INTO [Seats] (Id,RoomId,RowLabel,ColNumber,Type,IsBooked) VALUES (415,11,'B',6,'standard',0);
INSERT INTO [Seats] (Id,RoomId,RowLabel,ColNumber,Type,IsBooked) VALUES (416,11,'C',6,'standard',0);
INSERT INTO [Seats] (Id,RoomId,RowLabel,ColNumber,Type,IsBooked) VALUES (417,11,'D',6,'vip',0);
INSERT INTO [Seats] (Id,RoomId,RowLabel,ColNumber,Type,IsBooked) VALUES (418,11,'E',6,'vip',0);
INSERT INTO [Seats] (Id,RoomId,RowLabel,ColNumber,Type,IsBooked) VALUES (419,11,'A',7,'standard',0);
INSERT INTO [Seats] (Id,RoomId,RowLabel,ColNumber,Type,IsBooked) VALUES (420,11,'B',7,'standard',0);
INSERT INTO [Seats] (Id,RoomId,RowLabel,ColNumber,Type,IsBooked) VALUES (421,11,'C',7,'standard',0);
INSERT INTO [Seats] (Id,RoomId,RowLabel,ColNumber,Type,IsBooked) VALUES (422,11,'D',7,'vip',0);
INSERT INTO [Seats] (Id,RoomId,RowLabel,ColNumber,Type,IsBooked) VALUES (423,11,'E',7,'vip',0);
INSERT INTO [Seats] (Id,RoomId,RowLabel,ColNumber,Type,IsBooked) VALUES (424,11,'A',8,'standard',0);
INSERT INTO [Seats] (Id,RoomId,RowLabel,ColNumber,Type,IsBooked) VALUES (425,11,'B',8,'standard',0);
INSERT INTO [Seats] (Id,RoomId,RowLabel,ColNumber,Type,IsBooked) VALUES (426,11,'C',8,'standard',0);
INSERT INTO [Seats] (Id,RoomId,RowLabel,ColNumber,Type,IsBooked) VALUES (427,11,'D',8,'vip',0);
INSERT INTO [Seats] (Id,RoomId,RowLabel,ColNumber,Type,IsBooked) VALUES (428,11,'E',8,'vip',0);
INSERT INTO [Seats] (Id,RoomId,RowLabel,ColNumber,Type,IsBooked) VALUES (429,11,'A',9,'standard',0);
INSERT INTO [Seats] (Id,RoomId,RowLabel,ColNumber,Type,IsBooked) VALUES (430,11,'B',9,'standard',0);
INSERT INTO [Seats] (Id,RoomId,RowLabel,ColNumber,Type,IsBooked) VALUES (431,11,'C',9,'standard',0);
INSERT INTO [Seats] (Id,RoomId,RowLabel,ColNumber,Type,IsBooked) VALUES (432,11,'D',9,'vip',0);
INSERT INTO [Seats] (Id,RoomId,RowLabel,ColNumber,Type,IsBooked) VALUES (433,11,'E',9,'vip',0);
INSERT INTO [Seats] (Id,RoomId,RowLabel,ColNumber,Type,IsBooked) VALUES (434,11,'A',10,'standard',0);
INSERT INTO [Seats] (Id,RoomId,RowLabel,ColNumber,Type,IsBooked) VALUES (435,11,'B',10,'standard',0);
INSERT INTO [Seats] (Id,RoomId,RowLabel,ColNumber,Type,IsBooked) VALUES (436,11,'C',10,'standard',0);
INSERT INTO [Seats] (Id,RoomId,RowLabel,ColNumber,Type,IsBooked) VALUES (437,11,'D',10,'vip',0);
INSERT INTO [Seats] (Id,RoomId,RowLabel,ColNumber,Type,IsBooked) VALUES (438,11,'E',10,'vip',0);
INSERT INTO [Seats] (Id,RoomId,RowLabel,ColNumber,Type,IsBooked) VALUES (439,12,'A',1,'standard',0);
INSERT INTO [Seats] (Id,RoomId,RowLabel,ColNumber,Type,IsBooked) VALUES (440,12,'B',1,'standard',0);
INSERT INTO [Seats] (Id,RoomId,RowLabel,ColNumber,Type,IsBooked) VALUES (441,12,'C',1,'vip',0);
INSERT INTO [Seats] (Id,RoomId,RowLabel,ColNumber,Type,IsBooked) VALUES (442,12,'D',1,'vip',0);
INSERT INTO [Seats] (Id,RoomId,RowLabel,ColNumber,Type,IsBooked) VALUES (443,12,'A',2,'standard',0);
INSERT INTO [Seats] (Id,RoomId,RowLabel,ColNumber,Type,IsBooked) VALUES (444,12,'B',2,'standard',0);
INSERT INTO [Seats] (Id,RoomId,RowLabel,ColNumber,Type,IsBooked) VALUES (445,12,'C',2,'vip',0);
INSERT INTO [Seats] (Id,RoomId,RowLabel,ColNumber,Type,IsBooked) VALUES (446,12,'D',2,'vip',0);
INSERT INTO [Seats] (Id,RoomId,RowLabel,ColNumber,Type,IsBooked) VALUES (447,12,'A',3,'standard',0);
INSERT INTO [Seats] (Id,RoomId,RowLabel,ColNumber,Type,IsBooked) VALUES (448,12,'B',3,'standard',0);
INSERT INTO [Seats] (Id,RoomId,RowLabel,ColNumber,Type,IsBooked) VALUES (449,12,'C',3,'vip',0);
INSERT INTO [Seats] (Id,RoomId,RowLabel,ColNumber,Type,IsBooked) VALUES (450,12,'D',3,'vip',0);
INSERT INTO [Seats] (Id,RoomId,RowLabel,ColNumber,Type,IsBooked) VALUES (451,12,'A',4,'standard',0);
INSERT INTO [Seats] (Id,RoomId,RowLabel,ColNumber,Type,IsBooked) VALUES (452,12,'B',4,'standard',0);
INSERT INTO [Seats] (Id,RoomId,RowLabel,ColNumber,Type,IsBooked) VALUES (453,12,'C',4,'vip',0);
INSERT INTO [Seats] (Id,RoomId,RowLabel,ColNumber,Type,IsBooked) VALUES (454,12,'D',4,'vip',0);
INSERT INTO [Seats] (Id,RoomId,RowLabel,ColNumber,Type,IsBooked) VALUES (455,12,'A',5,'standard',0);
INSERT INTO [Seats] (Id,RoomId,RowLabel,ColNumber,Type,IsBooked) VALUES (456,12,'B',5,'standard',0);
INSERT INTO [Seats] (Id,RoomId,RowLabel,ColNumber,Type,IsBooked) VALUES (457,12,'C',5,'vip',0);
INSERT INTO [Seats] (Id,RoomId,RowLabel,ColNumber,Type,IsBooked) VALUES (458,12,'D',5,'vip',0);
INSERT INTO [Seats] (Id,RoomId,RowLabel,ColNumber,Type,IsBooked) VALUES (459,12,'A',6,'standard',0);
INSERT INTO [Seats] (Id,RoomId,RowLabel,ColNumber,Type,IsBooked) VALUES (460,12,'B',6,'standard',0);
INSERT INTO [Seats] (Id,RoomId,RowLabel,ColNumber,Type,IsBooked) VALUES (461,12,'C',6,'vip',0);
INSERT INTO [Seats] (Id,RoomId,RowLabel,ColNumber,Type,IsBooked) VALUES (462,12,'D',6,'vip',0);
SET IDENTITY_INSERT [Seats] OFF;

SET IDENTITY_INSERT [Showtimes] ON;
INSERT INTO [Showtimes] (Id,MovieId,RoomId,StartTime,Price,Subtitle) VALUES (1,1,1,'2026-06-12 10:00:00',90000.00,N'Vietsub');
INSERT INTO [Showtimes] (Id,MovieId,RoomId,StartTime,Price,Subtitle) VALUES (2,1,2,'2026-06-12 14:00:00',90000.00,N'Thuyết minh');
INSERT INTO [Showtimes] (Id,MovieId,RoomId,StartTime,Price,Subtitle) VALUES (3,2,1,'2026-06-12 17:00:00',90000.00,N'Vietsub');
INSERT INTO [Showtimes] (Id,MovieId,RoomId,StartTime,Price,Subtitle) VALUES (5,4,2,'2026-06-13 19:00:00',90000.00,N'Vietsub');
INSERT INTO [Showtimes] (Id,MovieId,RoomId,StartTime,Price,Subtitle) VALUES (6,7,1,'2026-06-14 15:00:00',90000.00,N'Thuyết minh');
INSERT INTO [Showtimes] (Id,MovieId,RoomId,StartTime,Price,Subtitle) VALUES (10,10,4,'2026-06-12 10:00:00',95000.00,N'Phụ đề Anh');
INSERT INTO [Showtimes] (Id,MovieId,RoomId,StartTime,Price,Subtitle) VALUES (11,10,5,'2026-06-12 15:00:00',95000.00,N'Vietsub');
INSERT INTO [Showtimes] (Id,MovieId,RoomId,StartTime,Price,Subtitle) VALUES (12,10,6,'2026-06-13 20:00:00',95000.00,N'Thuyết minh');
INSERT INTO [Showtimes] (Id,MovieId,RoomId,StartTime,Price,Subtitle) VALUES (13,11,7,'2026-06-13 09:00:00',90000.00,N'Vietsub');
INSERT INTO [Showtimes] (Id,MovieId,RoomId,StartTime,Price,Subtitle) VALUES (14,11,8,'2026-06-13 14:00:00',90000.00,N'Vietsub');
INSERT INTO [Showtimes] (Id,MovieId,RoomId,StartTime,Price,Subtitle) VALUES (15,12,9,'2026-06-14 11:00:00',90000.00,N'Vietsub');
INSERT INTO [Showtimes] (Id,MovieId,RoomId,StartTime,Price,Subtitle) VALUES (16,12,10,'2026-06-14 16:00:00',90000.00,N'Thuyết minh');
INSERT INTO [Showtimes] (Id,MovieId,RoomId,StartTime,Price,Subtitle) VALUES (17,12,11,'2026-06-15 21:00:00',90000.00,N'Vietsub');
INSERT INTO [Showtimes] (Id,MovieId,RoomId,StartTime,Price,Subtitle) VALUES (18,13,12,'2026-06-12 10:00:00',85000.00,N'Vietsub');
INSERT INTO [Showtimes] (Id,MovieId,RoomId,StartTime,Price,Subtitle) VALUES (19,13,1,'2026-06-12 15:00:00',85000.00,N'Thuyết minh');
INSERT INTO [Showtimes] (Id,MovieId,RoomId,StartTime,Price,Subtitle) VALUES (47,10,4,'2026-06-13 10:00:00',95000.00,N'Phụ đề Anh');
INSERT INTO [Showtimes] (Id,MovieId,RoomId,StartTime,Price,Subtitle) VALUES (48,10,5,'2026-06-13 15:00:00',95000.00,N'Vietsub');
INSERT INTO [Showtimes] (Id,MovieId,RoomId,StartTime,Price,Subtitle) VALUES (49,10,6,'2026-06-14 20:00:00',95000.00,N'Thuyết minh');
INSERT INTO [Showtimes] (Id,MovieId,RoomId,StartTime,Price,Subtitle) VALUES (50,11,7,'2026-06-14 09:00:00',90000.00,N'Vietsub');
INSERT INTO [Showtimes] (Id,MovieId,RoomId,StartTime,Price,Subtitle) VALUES (51,11,8,'2026-06-14 14:00:00',90000.00,N'Vietsub');
INSERT INTO [Showtimes] (Id,MovieId,RoomId,StartTime,Price,Subtitle) VALUES (52,12,9,'2026-06-15 11:00:00',90000.00,N'Vietsub');
INSERT INTO [Showtimes] (Id,MovieId,RoomId,StartTime,Price,Subtitle) VALUES (53,12,10,'2026-06-15 16:00:00',90000.00,N'Thuyết minh');
INSERT INTO [Showtimes] (Id,MovieId,RoomId,StartTime,Price,Subtitle) VALUES (54,12,11,'2026-06-16 21:00:00',90000.00,N'Vietsub');
INSERT INTO [Showtimes] (Id,MovieId,RoomId,StartTime,Price,Subtitle) VALUES (55,13,12,'2026-06-13 10:00:00',85000.00,N'Vietsub');
INSERT INTO [Showtimes] (Id,MovieId,RoomId,StartTime,Price,Subtitle) VALUES (56,13,1,'2026-06-13 15:00:00',85000.00,N'Thuyết minh');
SET IDENTITY_INSERT [Showtimes] OFF;

SET IDENTITY_INSERT [Bookings] ON;
INSERT INTO [Bookings] (Id,UserId,ShowtimeId,Name,Phone,Email,PaymentMethod,CardNumber,TotalPrice,Status,TicketDelivery,Note,CreatedAt,BillImageUrl) VALUES (1,2,1,N'Nguyễn Văn An',N'0901111111','nguyen.van.an@gmail.com','MoMo',NULL,180000.00,'confirmed',NULL,NULL,'2026-06-06 01:44:13',NULL);
INSERT INTO [Bookings] (Id,UserId,ShowtimeId,Name,Phone,Email,PaymentMethod,CardNumber,TotalPrice,Status,TicketDelivery,Note,CreatedAt,BillImageUrl) VALUES (2,3,2,N'Trần Thị Bình',N'0902222222','tran.thi.binh@gmail.com','VNPay',NULL,180000.00,'confirmed',NULL,NULL,'2026-06-08 01:44:13',NULL);
INSERT INTO [Bookings] (Id,UserId,ShowtimeId,Name,Phone,Email,PaymentMethod,CardNumber,TotalPrice,Status,TicketDelivery,Note,CreatedAt,BillImageUrl) VALUES (3,4,3,N'Lê Hoàng Nam',N'0903333333','le.hoang.nam@gmail.com','COD',NULL,270000.00,'pending',NULL,NULL,'2026-06-10 01:44:13',NULL);
INSERT INTO [Bookings] (Id,UserId,ShowtimeId,Name,Phone,Email,PaymentMethod,CardNumber,TotalPrice,Status,TicketDelivery,Note,CreatedAt,BillImageUrl) VALUES (4,5,5,N'Phạm Thị Lan',N'0904444444','pham.thi.lan@gmail.com','MoMo',NULL,234000.00,'confirmed',NULL,NULL,'2026-06-04 01:44:13',NULL);
INSERT INTO [Bookings] (Id,UserId,ShowtimeId,Name,Phone,Email,PaymentMethod,CardNumber,TotalPrice,Status,TicketDelivery,Note,CreatedAt,BillImageUrl) VALUES (5,6,6,N'Hoàng Minh Tuấn',N'0905555555','hoang.minh.tuan@gmail.com','VNPay',NULL,234000.00,'cancelled',NULL,NULL,'2026-06-01 01:44:13',NULL);
INSERT INTO [Bookings] (Id,UserId,ShowtimeId,Name,Phone,Email,PaymentMethod,CardNumber,TotalPrice,Status,TicketDelivery,Note,CreatedAt,BillImageUrl) VALUES (7,3,1,N'Trần Thị Bình',N'0902222222','tran.thi.binh@gmail.com','MoMo',NULL,90000.00,'confirmed',NULL,NULL,'2026-06-05 01:44:13',NULL);
INSERT INTO [Bookings] (Id,UserId,ShowtimeId,Name,Phone,Email,PaymentMethod,CardNumber,TotalPrice,Status,TicketDelivery,Note,CreatedAt,BillImageUrl) VALUES (8,4,2,N'Lê Hoàng Nam',N'0903333333','le.hoang.nam@gmail.com','VNPay',NULL,180000.00,'pending',NULL,NULL,'2026-06-10 01:44:13',NULL);
INSERT INTO [Bookings] (Id,UserId,ShowtimeId,Name,Phone,Email,PaymentMethod,CardNumber,TotalPrice,Status,TicketDelivery,Note,CreatedAt,BillImageUrl) VALUES (9,5,3,N'Phạm Thị Lan',N'0904444444','pham.thi.lan@gmail.com','COD',NULL,234000.00,'confirmed',NULL,NULL,'2026-06-07 01:44:13',NULL);
INSERT INTO [Bookings] (Id,UserId,ShowtimeId,Name,Phone,Email,PaymentMethod,CardNumber,TotalPrice,Status,TicketDelivery,Note,CreatedAt,BillImageUrl) VALUES (10,6,5,N'Hoàng Minh Tuấn',N'0905555555','hoang.minh.tuan@gmail.com','MoMo',NULL,180000.00,'confirmed',NULL,NULL,'2026-06-03 01:44:13',NULL);
INSERT INTO [Bookings] (Id,UserId,ShowtimeId,Name,Phone,Email,PaymentMethod,CardNumber,TotalPrice,Status,TicketDelivery,Note,CreatedAt,BillImageUrl) VALUES (11,2,6,N'Nguyễn Văn An',N'0901111111','nguyen.van.an@gmail.com','VNPay',NULL,180000.00,'cancelled',NULL,NULL,'2026-05-30 01:44:13',NULL);
INSERT INTO [Bookings] (Id,UserId,ShowtimeId,Name,Phone,Email,PaymentMethod,CardNumber,TotalPrice,Status,TicketDelivery,Note,CreatedAt,BillImageUrl) VALUES (13,1,18,N'Quản trị viên',N'0394945853','admin@moviebooking.vn','MoMo',NULL,90000.00,'pending',NULL,NULL,'2026-06-11 01:57:50',NULL);
INSERT INTO [Bookings] (Id,UserId,ShowtimeId,Name,Phone,Email,PaymentMethod,CardNumber,TotalPrice,Status,TicketDelivery,Note,CreatedAt,BillImageUrl) VALUES (14,1,18,N'Quản trị viên',N'0394893575','admin@moviebooking.vn','COD',NULL,180000.00,'confirmed',NULL,NULL,'2026-06-11 17:53:13',NULL);
INSERT INTO [Bookings] (Id,UserId,ShowtimeId,Name,Phone,Email,PaymentMethod,CardNumber,TotalPrice,Status,TicketDelivery,Note,CreatedAt,BillImageUrl) VALUES (15,1,10,N'Quản trị viên',N'0598745213','admin@moviebooking.vn','MoMo',NULL,480000.00,'pending',NULL,NULL,'2026-06-11 19:28:43',NULL);
INSERT INTO [Bookings] (Id,UserId,ShowtimeId,Name,Phone,Email,PaymentMethod,CardNumber,TotalPrice,Status,TicketDelivery,Note,CreatedAt,BillImageUrl) VALUES (16,1,13,N'Quản trị viên',N'0598745213','admin@moviebooking.vn','MoMo',NULL,180000.00,'confirmed',NULL,NULL,'2026-06-11 20:04:54',NULL);
INSERT INTO [Bookings] (Id,UserId,ShowtimeId,Name,Phone,Email,PaymentMethod,CardNumber,TotalPrice,Status,TicketDelivery,Note,CreatedAt,BillImageUrl) VALUES (17,1,50,N'Quản trị viên',N'0896235489','admin@moviebooking.vn','VNPay',NULL,90000.00,'cancelled',NULL,NULL,'2026-06-11 20:13:31',NULL);
INSERT INTO [Bookings] (Id,UserId,ShowtimeId,Name,Phone,Email,PaymentMethod,CardNumber,TotalPrice,Status,TicketDelivery,Note,CreatedAt,BillImageUrl) VALUES (18,1,50,N'Quản trị viên',N'05469451654','admin@moviebooking.vn','MoMo',NULL,180000.00,'cancelled',NULL,NULL,'2026-06-11 20:26:00',NULL);
SET IDENTITY_INSERT [Bookings] OFF;

SET IDENTITY_INSERT [BookingDetails] ON;
INSERT INTO [BookingDetails] (Id,BookingId,SeatId,Price) VALUES (1,1,12,90000.00);
INSERT INTO [BookingDetails] (Id,BookingId,SeatId,Price) VALUES (2,1,17,90000.00);
INSERT INTO [BookingDetails] (Id,BookingId,SeatId,Price) VALUES (3,2,63,90000.00);
INSERT INTO [BookingDetails] (Id,BookingId,SeatId,Price) VALUES (4,2,68,90000.00);
INSERT INTO [BookingDetails] (Id,BookingId,SeatId,Price) VALUES (5,3,1,90000.00);
INSERT INTO [BookingDetails] (Id,BookingId,SeatId,Price) VALUES (6,3,6,90000.00);
INSERT INTO [BookingDetails] (Id,BookingId,SeatId,Price) VALUES (7,3,11,90000.00);
INSERT INTO [BookingDetails] (Id,BookingId,SeatId,Price) VALUES (8,4,54,117000.00);
INSERT INTO [BookingDetails] (Id,BookingId,SeatId,Price) VALUES (9,4,59,117000.00);
INSERT INTO [BookingDetails] (Id,BookingId,SeatId,Price) VALUES (10,5,20,117000.00);
INSERT INTO [BookingDetails] (Id,BookingId,SeatId,Price) VALUES (11,5,25,117000.00);
INSERT INTO [BookingDetails] (Id,BookingId,SeatId,Price) VALUES (14,7,13,90000.00);
INSERT INTO [BookingDetails] (Id,BookingId,SeatId,Price) VALUES (15,8,71,90000.00);
INSERT INTO [BookingDetails] (Id,BookingId,SeatId,Price) VALUES (16,8,76,90000.00);
INSERT INTO [BookingDetails] (Id,BookingId,SeatId,Price) VALUES (17,9,9,117000.00);
INSERT INTO [BookingDetails] (Id,BookingId,SeatId,Price) VALUES (18,9,14,117000.00);
INSERT INTO [BookingDetails] (Id,BookingId,SeatId,Price) VALUES (19,10,62,90000.00);
INSERT INTO [BookingDetails] (Id,BookingId,SeatId,Price) VALUES (20,10,67,90000.00);
INSERT INTO [BookingDetails] (Id,BookingId,SeatId,Price) VALUES (21,11,16,90000.00);
INSERT INTO [BookingDetails] (Id,BookingId,SeatId,Price) VALUES (22,11,21,90000.00);
INSERT INTO [BookingDetails] (Id,BookingId,SeatId,Price) VALUES (25,13,448,90000.00);
INSERT INTO [BookingDetails] (Id,BookingId,SeatId,Price) VALUES (26,14,452,90000.00);
INSERT INTO [BookingDetails] (Id,BookingId,SeatId,Price) VALUES (27,14,456,90000.00);
INSERT INTO [BookingDetails] (Id,BookingId,SeatId,Price) VALUES (28,15,137,90000.00);
INSERT INTO [BookingDetails] (Id,BookingId,SeatId,Price) VALUES (29,15,142,90000.00);
INSERT INTO [BookingDetails] (Id,BookingId,SeatId,Price) VALUES (30,15,147,90000.00);
INSERT INTO [BookingDetails] (Id,BookingId,SeatId,Price) VALUES (31,15,152,90000.00);
INSERT INTO [BookingDetails] (Id,BookingId,SeatId,Price) VALUES (32,15,154,120000.00);
INSERT INTO [BookingDetails] (Id,BookingId,SeatId,Price) VALUES (33,16,235,90000.00);
INSERT INTO [BookingDetails] (Id,BookingId,SeatId,Price) VALUES (34,16,240,90000.00);
INSERT INTO [BookingDetails] (Id,BookingId,SeatId,Price) VALUES (35,17,266,90000.00);
INSERT INTO [BookingDetails] (Id,BookingId,SeatId,Price) VALUES (36,18,251,90000.00);
INSERT INTO [BookingDetails] (Id,BookingId,SeatId,Price) VALUES (37,18,256,90000.00);
SET IDENTITY_INSERT [BookingDetails] OFF;

SET IDENTITY_INSERT [Notifications] ON;
INSERT INTO [Notifications] (Id,UserId,BookingId,Title,Message,Type,IsRead,CreatedAt) VALUES (1,2,1,N'Đặt vé thành công',N'Bạn đã đặt 2 vé. Tổng tiền: 180,000 đ.','booking',NULL,'2026-06-06 01:44:13');
INSERT INTO [Notifications] (Id,UserId,BookingId,Title,Message,Type,IsRead,CreatedAt) VALUES (2,3,2,N'Đặt vé thành công',N'Bạn đã đặt 2 vé. Tổng tiền: 180,000 đ.','booking',0,'2026-06-08 01:44:13');
INSERT INTO [Notifications] (Id,UserId,BookingId,Title,Message,Type,IsRead,CreatedAt) VALUES (3,5,4,N'Đặt vé thành công',N'Bạn đã đặt 2 vé. Tổng tiền: 234,000 đ.','booking',NULL,'2026-06-04 01:44:13');
INSERT INTO [Notifications] (Id,UserId,BookingId,Title,Message,Type,IsRead,CreatedAt) VALUES (4,6,5,N'Vé đã bị huỷ',N'Đơn đặt vé của bạn đã bị huỷ. Vui lòng liên hệ hỗ trợ nếu cần.','booking',NULL,'2026-06-01 01:44:13');
INSERT INTO [Notifications] (Id,UserId,BookingId,Title,Message,Type,IsRead,CreatedAt) VALUES (6,3,7,N'Đặt vé thành công',N'Bạn đã đặt 1 vé. Tổng tiền: 90,000 đ.','booking',NULL,'2026-06-05 01:44:13');
INSERT INTO [Notifications] (Id,UserId,BookingId,Title,Message,Type,IsRead,CreatedAt) VALUES (7,5,9,N'Đặt vé thành công',N'Bạn đã đặt 2 vé. Tổng tiền: 234,000 đ.','booking',NULL,'2026-06-07 01:44:13');
INSERT INTO [Notifications] (Id,UserId,BookingId,Title,Message,Type,IsRead,CreatedAt) VALUES (8,6,10,N'Đặt vé thành công',N'Bạn đã đặt 2 vé. Tổng tiền: 180,000 đ.','booking',NULL,'2026-06-03 01:44:13');
INSERT INTO [Notifications] (Id,UserId,BookingId,Title,Message,Type,IsRead,CreatedAt) VALUES (9,2,11,N'Vé đã bị huỷ',N'Đơn đặt vé của bạn đã bị huỷ. Vui lòng liên hệ hỗ trợ nếu cần.','booking',NULL,'2026-05-30 01:44:13');
INSERT INTO [Notifications] (Id,UserId,BookingId,Title,Message,Type,IsRead,CreatedAt) VALUES (11,1,13,N'Đặt vé thành công',N'Bạn đã đặt 1 ghế thành công. Mã đặt vé: #13','booking',NULL,'2026-06-11 01:57:50');
INSERT INTO [Notifications] (Id,UserId,BookingId,Title,Message,Type,IsRead,CreatedAt) VALUES (12,1,14,N'Đặt vé thành công',N'Bạn đã đặt 2 ghế thành công. Mã đặt vé: #14','booking',NULL,'2026-06-11 17:53:13');
INSERT INTO [Notifications] (Id,UserId,BookingId,Title,Message,Type,IsRead,CreatedAt) VALUES (13,1,14,N'Vé đã được xác nhận',N'Đơn đặt vé #14 đã được xác nhận. Chúc bạn xem phim vui vẻ!','booking',NULL,'2026-06-11 17:53:45');
INSERT INTO [Notifications] (Id,UserId,BookingId,Title,Message,Type,IsRead,CreatedAt) VALUES (14,2,NULL,N'Vé đặt đã bị hủy',N'Phim "Madames Thanh Sắc" đã bị xóa khỏi hệ thống. Vé đặt của bạn cho phim này đã được hủy tự động. Xin lỗi vì sự bất tiện này.','booking',0,'2026-06-11 18:02:49');
INSERT INTO [Notifications] (Id,UserId,BookingId,Title,Message,Type,IsRead,CreatedAt) VALUES (15,3,NULL,N'Vé đặt đã bị hủy',N'Phim "Madames Thanh Sắc" đã bị xóa khỏi hệ thống. Vé đặt của bạn cho phim này đã được hủy tự động. Xin lỗi vì sự bất tiện này.','booking',0,'2026-06-11 18:02:49');
INSERT INTO [Notifications] (Id,UserId,BookingId,Title,Message,Type,IsRead,CreatedAt) VALUES (16,1,15,N'Đặt vé thành công',N'Bạn đã đặt 5 ghế thành công. Mã đặt vé: #15','booking',NULL,'2026-06-11 19:28:43');
INSERT INTO [Notifications] (Id,UserId,BookingId,Title,Message,Type,IsRead,CreatedAt) VALUES (17,1,16,N'Đặt vé thành công',N'Bạn đã đặt 2 ghế thành công. Mã đặt vé: #16','booking',NULL,'2026-06-11 20:04:54');
INSERT INTO [Notifications] (Id,UserId,BookingId,Title,Message,Type,IsRead,CreatedAt) VALUES (18,1,16,N'Vé đã được xác nhận',N'Đơn đặt vé #16 đã được xác nhận. Chúc bạn xem phim vui vẻ!','booking',NULL,'2026-06-11 20:08:12');
INSERT INTO [Notifications] (Id,UserId,BookingId,Title,Message,Type,IsRead,CreatedAt) VALUES (19,1,17,N'Đặt vé thành công',N'Bạn đã đặt 1 ghế thành công. Mã đặt vé: #17','booking',NULL,'2026-06-11 20:13:31');
INSERT INTO [Notifications] (Id,UserId,BookingId,Title,Message,Type,IsRead,CreatedAt) VALUES (20,1,18,N'Đặt vé thành công',N'Bạn đã đặt 2 ghế thành công. Mã đặt vé: #18','booking',NULL,'2026-06-11 20:26:00');
INSERT INTO [Notifications] (Id,UserId,BookingId,Title,Message,Type,IsRead,CreatedAt) VALUES (21,1,18,N'Vé đã được xác nhận',N'Đơn đặt vé #18 đã được xác nhận thành công. Chúc bạn xem phim vui vẻ!','booking',NULL,'2026-06-11 21:03:48');
INSERT INTO [Notifications] (Id,UserId,BookingId,Title,Message,Type,IsRead,CreatedAt) VALUES (22,1,17,N'Vé đã bị hủy',N'Đơn đặt vé #17 đã bị hủy bởi quản trị viên. Mọi thắc mắc vui lòng liên hệ với chúng tôi tại hotline 0394945853 hoặc email support@moviebooking.vn.','booking',NULL,'2026-06-11 21:04:31');
INSERT INTO [Notifications] (Id,UserId,BookingId,Title,Message,Type,IsRead,CreatedAt) VALUES (23,1,18,N'Vé đã bị hủy',N'Đơn đặt vé #18 đã bị hủy bởi quản trị viên. Mọi thắc mắc vui lòng liên hệ với chúng tôi tại hotline 0394945853 hoặc email support@moviebooking.vn.','booking',NULL,'2026-06-11 21:55:17');
SET IDENTITY_INSERT [Notifications] OFF;
